Date,Day,T)  Average Temperature (°C),TM)  Maximum temperature (°C),Tm Minimum temperature (°C),SLP) Atmospheric pressure at sea level (hPa),H) Average relative humidity (%),VV) Average visibility (Km),V) Average wind speed (Km/h),VM) Maximum sustained wind speed (Km/h),PM 2.5 ( Air Quality Index)
4/1/2018,Thursday,7.4,9.8,4.8,1017.6,93,0.5,4.3,9.4,219.7208333
5/1/2018,Friday,7.8,12.7,4.4,1018.5,87,0.6,4.4,11.1,182.1875
6/1/2018,Saturday,6.7,13.4,2.4,1019.4,82,0.6,4.8,11.1,154.0375
7/1/2018,Sunday,8.6,15.5,3.3,1018.7,72,0.8,8.1,20.6,223.2083333
8/1/2018,Monday,12.4,20.9,4.4,1017.3,61,1.3,8.7,22.2,200.6458333
9/1/2018,Tuesday,16,25.2,10,1013.2,79,0.6,4.8,11.1,285.225
10/1/2018,Wednesday,13.4,21,9.2,1015.1,87,0.5,1.5,7.6,236.825
11/1/2018,Thursday,14.3,22.6,6.6,1016.3,76,0.8,0.4,3.5,276.9083333
12/1/2018,Friday,12.7,18.9,7.3,1021.2,76,1.8,6.1,16.5,108
13/01/2018,Saturday,11.9,18.9,6.3,1020.1,76,1.1,8.3,20.6,107.625
14/01/2018,Sunday,12.2,19.9,6.2,1021,69,2.1,4.4,18.3,125.8916667
15/01/2018,Monday,13.4,21.1,5.6,1020,60,1.9,8,22.2,181.0125
16/01/2018,Tuesday,12.3,21.4,6.4,1019.6,70,1.9,6.7,14.8,152.5541667
17/01/2018,Wednesday,13.7,22,7,1018.2,63,1.8,7.2,18.3,152.3208333
18/01/2018,Thursday,14.9,21.9,7.1,1018.3,73,0.6,2,7.6,319.7375
19/01/2018,Friday,15,24,7.6,1017.4,81,0.6,2.2,7.6,332.7083333
20/01/2018,Saturday,16.3,24,12,1017.2,80,0.8,1.3,9.4,279.6
21/01/2018,Sunday,18.7,26.3,9.5,1015.3,64,1.6,1.7,7.6,179.1166667
22/01/2018,Monday,14.6,21.6,9.4,1018.4,72,2.7,9.4,18.3,54.79166667
23/01/2018,Tuesday,14.7,21.7,8.4,1017.1,71,1.8,10.9,22.2,93.375
24/01/2018,Wednesday,14.8,22.6,8.5,1016.8,67,2.1,9.3,18.3,103
25/01/2018,Thursday,17.4,25.4,10.3,1015.8,63,1.9,6.7,14.8,132.2083333
26/01/2018,Friday,18.1,26.7,10.2,1013.8,61,2.6,5,11.1,127.7083333
27/01/2018,Saturday,18.3,23.2,12.7,1011.2,75,1.9,10,22.2,109.3333333
28/01/2018,Sunday,16.4,22,11.2,1015.5,81,1.6,5.9,18.3,56.45833333
29/01/2018,Monday,16.9,23.5,10.1,1016.8,80,1.3,5.2,22.2,135.8333333
30/01/2018,Tuesday,19.3,26.9,12.1,1015.6,74,1.6,5.9,11.1,122.5
31/01/2018,Wednesday,17.2,24.2,10.8,1018.3,74,2.6,4.6,14.8,69.66666667
1/2/2018,Thursday,17.7,26.5,9.8,1015.3,73,1.4,4.8,14.8,79.83333333
2/2/2018,Friday,20.4,28.4,15.2,1014.7,62,2.4,5,14.8,62.70833333
3/2/2018,Saturday,18.2,26.1,12.2,1016.3,54,1.9,24.4,33.5,21.20833333
4/2/2018,Sunday,19,26.8,11.7,1016.3,58,2.6,16.7,29.4,1.916666667
5/2/2018,Monday,18.7,27.8,13.3,1016.2,69,2.4,7.4,25.9,1.833333333
6/2/2018,Tuesday,22.6,30.6,15.7,1015.4,62,2.6,8.1,20.6,105.8333333
7/2/2018,Wednesday,22.5,31.8,13.7,1014.6,57,2.3,5.9,14.8,117.5833333
8/2/2018,Thursday,24,33.8,13.6,1009.7,53,1.9,4.6,18.3,122.7083333
9/2/2018,Friday,23.8,33,14.9,1010.4,64,1.9,3.9,11.1,111.9583333
10/2/2018,Saturday,22.6,33,18.1,1013.1,67,2.1,11.3,22.2,59.20833333
11/2/2018,Sunday,23,30,14.4,1016.1,55,2.7,6.7,14.8,77.20833333
12/2/2018,Monday,24.6,31.7,17.9,1008.5,68,2.3,14.1,27.8,98.70833333
13/02/2018,Tuesday,27.1,34.8,17.7,1009.7,52,1.6,6.1,11.1,123.7083333
14/02/2018,Wednesday,26.1,34.8,17.9,1008.8,54,2.6,11.9,18.3,64.79166667
15/02/2018,Thursday,23.6,34.3,17.7,1010.4,51,2.6,15.9,22.2,52.33333333
16/02/2018,Friday,23.2,29.6,16.7,1008.6,54,1.9,13.1,22.2,52.04166667
17/02/2018,Saturday,23.8,30.9,16.7,1009,52,1.6,6.5,13,128.3333333
18/02/2018,Sunday,24.7,31.5,17,1008.6,57,2.1,7.6,14.8,0
19/02/2018,Monday,25.6,33.8,17.9,1008.7,47,2.1,4.4,13,23.20833333
20/02/2018,Tuesday,25.7,36,17.8,1009,50,1.8,9.3,14.8,15.16666667
21/02/2018,Wednesday,25.1,36,18.3,1009.5,56,2.7,9.1,18.3,21.25
22/02/2018,Thursday,29.5,37,18.5,1005.2,30,1.9,10.6,22.2,81.83333333
23/02/2018,Friday,29.2,37.5,20,1006.1,38,2.6,5.9,14.8,105.3333333
24/02/2018,Saturday,31.1,37.8,21.7,1005.6,34,1.8,8.1,27.8,117.75
25/02/2018,Sunday,29.8,36.6,21.4,1007.8,37,1.9,8.1,18.3,84.5
26/02/2018,Monday,28.2,36.6,21.9,1007.1,45,1.9,6.5,16.5,46.91666667
27/02/2018,Tuesday,28.3,36.4,20.1,1004,47,1.9,6.3,14.8,104.625
28/02/2018,Wednesday,29.3,37.9,20.3,1002.9,35,2.3,4.4,11.1,110.875
1/3/2018,Thursday,30.5,38.6,20.7,1003.4,36,1.9,7.6,14.8,42.95833333
2/3/2018,Friday,28,38.6,23.8,1007.3,48,2.3,15.6,25.9,0
3/3/2018,Saturday,31.1,38.5,23.2,1007.7,45,1.9,3.7,7.6,120.875
4/3/2018,Sunday,29.9,38.5,24.3,1008.3,53,1.9,6.7,22.2,79.91666667
5/3/2018,Monday,31.4,37.8,22,1006.9,38,2.3,13.7,22.2,0
6/3/2018,Tuesday,31.4,39.2,22.8,1002.9,24,1.9,11.5,25.9,94.75
7/3/2018,Wednesday,29.9,38.8,21.7,1000.8,29,1.9,12,24.1,142.5
8/3/2018,Thursday,29.7,38.3,21.6,999.3,35,1.9,10.2,22.2,133.375
9/3/2018,Friday,32.8,40.8,25.3,1002,36,1.8,7.2,24.1,147.8333333
10/3/2018,Saturday,34.1,42,23.7,1001.4,29,1.9,9.3,18.3,158.2916667
11/3/2018,Sunday,34.1,42,26.8,1000.8,32,1.9,7.8,14.8,149.5833333
12/3/2018,Monday,30.9,37.6,23.2,1003.7,44,1.9,3.5,11.1,101.5
13/03/2018,Tuesday,32.9,39.8,24.7,1001,38,1.9,5.6,13,106.5
14/03/2018,Wednesday,30.6,37.4,24.8,1000.8,47,1.9,2.2,7.6,128.125
15/03/2018,Thursday,36.2,44.6,25.9,999.2,29,1.9,15,27.8,101.9583333
16/03/2018,Friday,36.2,44.6,29.2,999.1,32,1.9,10.6,18.3,98.41666667
17/03/2018,Saturday,36.8,45.1,28,999.1,26,1.9,12,25.9,94.375
18/03/2018,Sunday,37.7,45,30.5,998.1,32,1.9,10,22.2,107.625
19/03/2018,Monday,36.2,43.6,29.3,998.4,32,2.3,8.1,20.6,110.4166667
20/03/2018,Tuesday,35.6,42.6,30.2,999.3,41,1.9,8.1,20.6,95.83333333
21/03/2018,Wednesday,33.6,40.6,24.8,998.8,47,1.9,10.6,18.3,72.25
22/03/2018,Thursday,31.9,40.6,26.7,1002,61,1.9,13.5,20.6,38.66666667
23/03/2018,Friday,32.4,38.5,26.6,1001,63,2.3,13.3,22.2,45.375
24/03/2018,Saturday,34.1,40.3,28.8,999.7,59,1.9,10.9,16.5,65.16666667
25/03/2018,Sunday,34.1,43.2,25.7,997.9,57,1.9,7.4,14.8,66.08333333
26/03/2018,Monday,34.2,39.8,29.1,996.7,64,1.9,13.7,18.3,77.66666667
27/03/2018,Tuesday,35.1,40.2,30.2,995.2,52,1.9,8.5,14.8,70.25
28/03/2018,Wednesday,30.3,39.2,28.8,998.6,75,1.9,10.2,22.2,56.29166667
29/03/2018,Thursday,30.4,38.6,27.8,997.7,73,1.9,8,22.2,77
30/03/2018,Friday,29.8,38.6,24.6,997.9,71,2.3,12.6,16.5,32.95833333
31/03/2018,Saturday,29.7,35.5,24.8,999,76,1.9,4.3,14.8,80.625
1/4/2018,Sunday,33,38.4,25.3,997.6,58,1.8,4.8,13,90.70833333
2/4/2018,Monday,35.6,41,27.3,995.5,49,1.9,7.4,18.3,97.29166667
3/4/2018,Tuesday,31,39.4,27.8,999.2,74,1.9,11.5,18.3,50.70833333
4/4/2018,Wednesday,31.2,35.7,27.2,998.4,75,1.9,6.3,14.8,40.375
5/4/2018,Thursday,31.2,37.1,27.6,996.8,71,1.9,8.1,20.6,49.41666667
6/4/2018,Friday,33.9,39.2,27.8,995.2,62,1.9,8.9,14.8,61.875
7/4/2018,Saturday,32.8,37.6,28.4,995.8,67,1.9,9.3,18.3,0
8/4/2018,Sunday,31.6,37.6,26.9,997.5,76,1.9,6.5,11.1,29.66666667
9/4/2018,Monday,31.1,35,27.9,1000.1,81,1.9,7.2,11.1,49.125
10/4/2018,Tuesday,30.3,35.8,27.2,997.5,78,1.9,7.6,14.8,43.66666667
11/4/2018,Wednesday,29.2,35.4,24.6,996.4,81,1.8,7.4,14.8,29.83333333
12/4/2018,Thursday,31.8,36.7,25.8,998.8,75,1.9,8.3,14.8,35.20833333
13/04/2018,Friday,31.1,37.2,28.2,997.5,76,1.9,3.9,11.1,37.625
14/04/2018,Saturday,31.7,37.2,26.8,998.3,78,1.9,7.8,11.1,41.45833333
15/04/2018,Sunday,30.9,35.4,25.8,995,77,1.9,10.4,18.3,38.58333333
16/04/2018,Monday,26.8,35.4,24.2,999,93,1.1,6.3,14.8,36
17/04/2018,Tuesday,29.1,33.8,23.9,996.3,86,1.4,2.6,55.4,70.58333333
18/04/2018,Wednesday,28.5,34.4,26.3,995.5,87,1.6,7,14.8,33.16666667
19/04/2018,Thursday,30.4,35.1,24.8,995.2,77,1.9,5.2,14.8,38.25
20/04/2018,Friday,30,35.5,26.2,997.5,83,1.9,3.7,11.1,26.58333333
21/04/2018,Saturday,29,33.7,26.9,996.5,82,1.9,9.8,14.8,15.41666667
22/04/2018,Sunday,31.1,34.9,25.9,998.2,76,1.9,6.7,11.1,41.375
23/04/2018,Monday,31.8,36,27.5,999.6,71,1.9,11.7,18.3,25.54166667
24/04/2018,Tuesday,32.2,36.1,27.4,1000.8,69,1.9,9.3,14.8,28.375
25/04/2018,Wednesday,28.4,30.6,25.3,1001.8,88,1.4,3.1,7.6,50.33333333
26/04/2018,Thursday,28.1,30.8,25.8,1000.6,88,1.9,8,18.3,35.375
27/04/2018,Friday,27.4,30.8,25.4,1000.8,90,1.9,3.1,9.4,31.91666667
28/04/2018,Saturday,30.1,34.6,27.2,1000,79,1.9,10.2,18.3,35.29166667
29/04/2018,Sunday,29.7,34.9,26.1,1000.3,79,1.9,8.3,18.3,26.83333333
30/04/2018,Monday,27.7,30.7,24.8,1001.8,88,1.9,7.2,14.8,21.125
1/5/2018,Tuesday,28.4,33.1,26,1000,86,1.9,5,18.3,35.70833333
2/5/2018,Wednesday,27.4,33.5,24.4,999.1,90,1.1,5.4,18.3,43.58333333
3/5/2018,Thursday,29.2,34.4,24.8,999,81,2.1,7.8,29.4,46.04166667
4/5/2018,Friday,30.4,36.5,27.8,999.3,82,1.4,2,7.6,82.875
5/5/2018,Saturday,32.1,36.7,26.8,998.1,74,1.9,6.5,14.8,64.91666667
6/5/2018,Sunday,32,35.5,27.6,999.8,65,2.6,16.9,29.4,30.66666667
7/5/2018,Monday,29.1,34.2,25.9,1003.4,76,1.9,5.6,9.4,34.41666667
8/5/2018,Tuesday,30.2,35.6,25.6,1003.6,68,3.1,14.8,22.2,33.16666667
9/5/2018,Wednesday,31.7,35.9,27,1003.6,59,2.6,14.4,22.2,30.625
10/5/2018,Thursday,31.6,36.3,25.9,1002.7,58,2.7,15.4,25.9,30.33333333
11/5/2018,Friday,30.9,35.6,25,1004.8,58,2.3,6.9,14.8,0
12/5/2018,Saturday,29.6,34.2,25.8,1007.3,67,1.9,6.3,14.8,0
13/05/2018,Sunday,29.3,35,24.1,1007.6,70,1.9,4.3,11.1,0
14/05/2018,Monday,30.6,36,25.8,1007.2,74,1.6,2.8,7.6,76.875
15/05/2018,Tuesday,31.2,36.4,25.8,1004.4,69,1.9,2,7.6,83.45833333
16/05/2018,Wednesday,31.6,36.8,25.9,1001.5,63,2.4,3.9,11.1,71.66666667
17/05/2018,Thursday,29.9,36.2,23.4,1002.5,66,1.9,1.9,7.6,69.70833333
18/05/2018,Friday,28.7,34.1,25.2,1002.9,76,1.9,9.6,51.9,62.375
19/05/2018,Saturday,26.3,34.1,24,1003.4,87,1.9,6.1,11.1,24.875
20/05/2018,Sunday,28.6,35.6,25.3,1005.4,79,2.6,5.7,13,43.95833333
21/05/2018,Monday,28.6,34.5,24,1006.7,81,1.9,3.9,9.4,41.5
22/05/2018,Tuesday,29,34.2,24.3,1005.8,76,1.9,7.4,20.6,38.79166667
23/05/2018,Wednesday,29.1,34,23.8,1007.8,72,1.9,6.5,13,30.33333333
24/05/2018,Thursday,28.9,34.9,25.6,1009.5,68,2.6,7.6,13,26.66666667
25/05/2018,Friday,27.9,33.7,23.2,1008.4,67,2.6,10,14.8,29
26/05/2018,Saturday,29.4,34.5,24.3,1009.1,73,1.8,1.3,3.5,61.70833333
27/05/2018,Sunday,30.1,34.5,24.8,1010,72,1.8,1.5,7.6,60.54166667
28/05/2018,Monday,30.1,35.6,24.8,1010.5,72,2.1,4.6,11.1,41.58333333
29/05/2018,Tuesday,27.4,33.1,22.8,1008,85,1.6,0.4,3.5,80.04166667
30/05/2018,Wednesday,27.5,32.5,23,1007.1,80,1.8,6.1,18.3,82.83333333
31/05/2018,Thursday,26.6,32.6,21.1,1008.8,76,1.6,3.3,11.1,95.25
1/6/2018,Friday,25.6,33.2,19.5,1011.5,67,1.4,3.7,14.8,126.1666667
2/6/2018,Saturday,25,32.8,17.6,1010.8,69,1.4,1.1,5.4,136.7083333
3/6/2018,Sunday,24.8,32.3,17.3,1009.7,68,1.4,1.5,7.6,160.6666667
4/6/2018,Monday,24.1,30,17.5,1011.2,74,1,1.5,9.4,245.6666667
5/6/2018,Tuesday,24.3,31.4,18.5,1011.2,72,1.1,0.4,3.5,261.6666667
6/6/2018,Wednesday,23,31,18,1010.6,71,0.8,2.6,9.4,272.4166667
7/6/2018,Thursday,24.1,30.1,16.7,1014,62,1.4,3.3,11.1,149.625
8/6/2018,Friday,23.8,30.5,18.4,1013.5,71,1.6,1.3,3.5,99.70833333
9/6/2018,Saturday,22.4,28.6,16.3,1014.6,67,1,5.4,11.1,217.375
10/6/2018,Sunday,20.9,28.1,13.6,1016,59,0.8,6.3,18.3,309.375
11/6/2018,Monday,20.1,27.1,14,1015.5,78,0.6,3.9,11.1,321.5416667
12/6/2018,Tuesday,18.9,27.1,14.5,1015.2,80,0.6,1.3,7.6,278
13/06/2018,Wednesday,19.1,25.6,12.4,1016.6,79,0.8,0.4,3.5,192.3333333
14/06/2018,Thursday,17.8,26.2,11,1014.3,68,1,3,11.1,224.1666667
15/06/2018,Friday,17.6,25.6,11.2,1015.2,68,1.1,3.5,14.8,196.75
16/06/2018,Saturday,17,26.6,10,1016.5,70,1.1,0.9,7.6,221.5416667
17/06/2018,Sunday,17.8,26.9,11.4,1015.4,67,1.4,7.2,20.6,166.7083333
18/06/2018,Monday,18.2,28.1,10.4,1012.6,61,1.8,2.6,11.1,130.7083333
19/06/2018,Tuesday,18,28.5,10.2,1013.2,68,1.1,2,11.1,194.7083333
20/06/2018,Wednesday,21.1,28.8,13.8,1012.8,57,1.6,9.4,22.2,134.4583333
21/06/2018,Thursday,21.3,28.8,15,1011.9,58,1.9,9.6,16.5,110
22/06/2018,Friday,19,28.8,12.5,1014.7,72,1.6,2.8,9.4,160
23/06/2018,Saturday,18.1,28,10,1016.1,66,1.4,1.7,7.6,118.9166667
24/06/2018,Sunday,17.2,28.4,9.8,1015.8,73,1.1,1.9,11.1,176.375
25/06/2018,Monday,17.4,28.4,9.2,1016.6,74,1.1,1.5,11.1,185.9583333
26/06/2018,Tuesday,16,26.1,9.1,1014.4,81,1,1.1,5.4,239.125
27/06/2018,Wednesday,16.2,25.3,9.5,1013.4,81,0.8,2.2,14.8,312.2083333
28/06/2018,Thursday,16.5,24.5,10.8,1012.2,74,1.6,10.2,22.2,121.3333333
29/06/2018,Friday,15.4,24.9,8.2,1012.8,82,1,0.7,3.5,202.875
30/06/2018,Saturday,15.5,24.9,9.4,1015.1,88,0.6,2.6,7.6,260.1666667
1/7/2018,Sunday,16.3,22.4,10.8,1012.8,91,0.6,3.1,11.1,277.7083333
2/7/2018,Monday,15.4,19.7,11.6,1016,93,0.6,4.4,9.4,284.1666667
3/7/2018,Tuesday,14.6,15.9,12.5,1016.9,95,0.5,0.4,3.5,288.4166667
4/7/2018,Wednesday,13.6,20.4,7.5,1020.7,67,1.1,10.2,40.7,166.9166667
5/7/2018,Thursday,12.3,20.6,6.2,1019.4,71,1.3,4.4,18.3,169
6/7/2018,Friday,11.9,17.1,6.5,1018.6,84,1.1,1.1,5.4,186.0416667
7/7/2018,Saturday,14.3,19.2,10.9,1020.5,91,1.6,4.8,11.1,
8/7/2018,Sunday,13.2,18.2,9.2,1021,92,0.8,7.6,11.1,255.875
9/7/2018,Monday,11.1,18.3,5,1020.2,80,1.1,8,14.8,217.0833333
10/7/2018,Tuesday,12.7,19.8,5.2,1017.9,78,1.3,5.4,14.8,229.1666667
11/7/2018,Wednesday,11.9,20.7,4.4,1017.9,78,0.8,1.9,7.6,264.9166667
12/7/2018,Thursday,11.7,20.7,6.5,1017.3,89,0.3,0.9,7.6,404.5
13/07/2018,Friday,13.9,21.6,7,1019.6,74,0.8,1.1,9.4,188.5
14/07/2018,Saturday,14.9,22.1,8.9,1017.2,78,1,2.8,7.6,164.75
15/07/2018,Sunday,12,22.1,9.6,1019.7,95,0.3,0.4,3.5,376.9166667
16/07/2018,Monday,14.5,21,8.6,1023.2,88,1.3,3.5,7.6,0
17/07/2018,Tuesday,14.6,22.3,9,1021.2,86,1,4.4,9.4,0
18/07/2018,Wednesday,13.4,22.3,11.5,1020.6,98,1.4,6.9,13,57
19/07/2018,Thursday,11.7,18.2,9.4,1019.9,96,0.5,8.3,11.1,202.9166667
20/07/2018,Friday,14.3,20.3,9.9,1019.1,88,0.6,8.9,14.8,205.125
21/07/2018,Saturday,16.6,24,10.1,1018.8,75,1.3,10,14.8,214.125
22/07/2018,Sunday,14.8,21.1,10,1019.3,86,0.5,3,11.1,315.7916667
23/07/2018,Monday,13.9,21.1,10.8,1019.8,83,0.8,2.6,7.6,322.25
24/07/2018,Tuesday,15.3,24.4,6.8,1016.9,79,0.6,1.9,7.6,246.0416667
25/07/2018,Wednesday,18.6,27.8,8.9,1014.4,65,1.3,5.6,57.6,200.9166667
26/07/2018,Thursday,19.7,26.4,15.1,1009.3,72,1.6,15,29.4,99.5
27/07/2018,Friday,13.8,26.4,9.6,1011.3,88,1,8.1,14.8,143.9166667
28/07/2018,Saturday,12.7,19.5,7,1012,66,1.4,9.3,25.9,100.25
29/07/2018,Sunday,15.3,22.6,5.6,1013.6,67,1.6,4.8,11.1,165
30/07/2018,Monday,13.1,22.6,11,1011.8,97,1.1,5.4,11.1,116.4583333
31/07/2018,Tuesday,12.6,17.7,9.2,1012.6,91,0.6,3.9,7.6,143
1/8/2018,Wednesday,15.1,23.3,7.1,1016.7,77,0.8,1.9,7.6,231.125
2/8/2018,Thursday,16.1,24.5,8.2,1014.8,80,0.6,1.9,9.4,218.6666667
3/8/2018,Friday,17.2,24.6,9,1014.2,75,1.4,8.9,14.8,211
4/8/2018,Saturday,17.9,25.2,10.3,1017.4,70,1.1,0.9,7.6,52.20833333
5/8/2018,Sunday,18.9,26.2,12.5,1014.4,72,1.3,2.4,9.4,187.5
6/8/2018,Monday,18.6,25.3,13,1013.3,80,1.1,7.2,22.2,130.1666667
7/8/2018,Tuesday,16.3,21.3,12,1015.1,90,1.1,4.3,13,123.125
8/8/2018,Wednesday,16.1,21.8,10,1017.1,82,1.3,5.7,11.1,120.9166667
9/8/2018,Thursday,17.8,25.7,10.5,1016.3,67,2.1,3.7,11.1,153.625
10/8/2018,Friday,18.4,25.9,11,1017,65,2.3,6.7,14.8,130.3333333
11/8/2018,Saturday,19.8,27.1,12.8,1017.2,66,2.6,9.8,24.1,110.7083333
12/8/2018,Sunday,22.3,29,14,1014.6,61,2.3,5,13,138.5
13/08/2018,Monday,18.9,27.1,12.8,1016.1,65,2.6,9.8,18.3,75.75
14/08/2018,Tuesday,19.7,27.6,12,1015.2,66,1.9,5.7,13,146.5416667
15/08/2018,Wednesday,21.4,29.7,12.6,1016.4,65,1.4,2.8,9.4,116.625
16/08/2018,Thursday,21.7,28.4,16.2,1013.1,61,2.3,10.2,22.2,80.04166667
17/08/2018,Friday,21.5,29.2,15,1010.8,59,2.6,7.4,18.3,100.0416667
18/08/2018,Saturday,22.4,32.5,14.5,1007.2,68,2.1,5.4,11.1,109.4583333
19/08/2018,Sunday,24.6,32.7,16.5,1010.6,64,1.8,2.8,11.1,110.1666667
20/08/2018,Monday,25.2,32.7,19.1,1010.7,64,1.9,2.8,11.1,108.2083333
21/08/2018,Tuesday,23.4,29.1,19.6,1011.7,69,1.9,4.8,9.4,103.8333333
22/08/2018,Wednesday,24.2,30.8,17,1008.2,48,1.9,13.1,22.2,74.29166667
23/08/2018,Thursday,24.9,33.2,16.8,1006.2,49,2.6,9.6,25.9,101.7916667
24/08/2018,Friday,26.8,35.2,17.7,1005.7,50,1.9,7.2,14.8,106.1666667
25/08/2018,Saturday,25.1,35.2,18,1010.4,53,2.1,10.4,25.9,89.875
26/08/2018,Sunday,27.2,38,21,1009.7,55,1.9,13,18.3,48.20833333
27/08/2018,Monday,25.8,32.2,19.5,1010.3,49,2.6,12.6,18.3,47.04166667
28/08/2018,Tuesday,25.7,32.8,17.5,1010.3,41,2.6,12.8,25.9,67.79166667
29/08/2018,Wednesday,27,37.2,22.6,1009.8,49,1.9,15.6,27.8,56.66666667
30/08/2018,Thursday,27.7,34.5,21.5,1010.6,55,1.9,5.2,13,79
31/08/2018,Friday,29.1,36.5,20.5,1009.2,53,1.8,2.6,11.1,123.5833333
1/9/2018,Saturday,25.6,32.3,20,1011.4,64,1.9,5,14.8,80.29166667
2/9/2018,Sunday,26.8,33.6,19.2,1010.5,53,1.6,4.6,11.1,137.875
3/9/2018,Monday,28.1,35.8,18.6,1010,40,1.9,8.7,16.5,87.875
4/9/2018,Tuesday,30.5,38.8,20.6,1006,41,2.4,8.1,22.2,121.2083333
5/9/2018,Wednesday,31.5,38.8,22.1,1006.2,39,2.4,8.1,16.5,97.04166667
6/9/2018,Thursday,30.6,38.7,21.5,1007,36,1.9,8.3,18.3,92.08333333
7/9/2018,Friday,34.8,42.8,24.2,1001.7,30,2.3,9.6,18.3,130.625
8/9/2018,Saturday,34.5,41.7,26.2,1001.8,33,1.9,6.5,11.1,90.5
9/9/2018,Sunday,31.8,41.7,26.2,1003.7,43,1.9,7.4,18.3,55.41666667
10/9/2018,Monday,31.8,38.6,24.2,1004.3,54,1.9,1.9,7.6,108.3333333
11/9/2018,Tuesday,32.2,39.5,25.2,1002.1,45,1.6,9.3,16.5,198.875
12/9/2018,Wednesday,30.7,39.5,21.4,1000.5,43,1.6,6.5,14.8,120.7083333
13/09/2018,Thursday,25.2,30.6,18,1008.2,71,2.6,10,20.6,60.54166667
14/09/2018,Friday,26.9,32.1,19,1006.6,62,1.8,8.5,18.3,79
15/09/2018,Saturday,29.7,35.4,23,1004.1,48,1.8,11.1,16.5,133.7083333
16/09/2018,Sunday,32.3,39.1,24,1006.6,36,2.3,11.7,24.1,53.25
17/09/2018,Monday,31.9,38.8,26.5,1006,39,2.3,8.7,22.2,65.16666667
18/09/2018,Tuesday,32.8,38.6,24.8,1002.3,40,1.9,9.6,18.3,83.58333333
19/09/2018,Wednesday,32.4,40.6,23.2,1005.2,45,2.7,8.9,14.8,40.66666667
20/09/2018,Thursday,30,36.4,21.4,1007.2,60,2.6,4.1,14.8,48.125
21/09/2018,Friday,31.8,38.8,24,1004.8,54,1.9,2.6,7.6,103.1666667
22/09/2018,Saturday,34.6,42.8,25,999.6,46,1.8,6.3,18.3,143.375
23/09/2018,Sunday,32.9,41.6,25.6,1003,44,2.9,17.4,55.4,44.79166667
24/09/2018,Monday,32.8,39.9,25,1003.3,48,2.6,4.6,14.8,71.95833333
25/09/2018,Tuesday,34.8,41.7,26.5,1000,40,2.6,6.5,14.8,17.5
26/09/2018,Wednesday,38.5,44.9,30.8,994,31,1.9,13.1,29.4,101
27/09/2018,Thursday,37.8,45.1,28.6,993.3,34,1.9,6.7,18.3,76.20833333
28/09/2018,Friday,37.9,45.5,30.1,993.1,38,1.9,5.9,16.5,84.33333333
29/09/2018,Saturday,30.3,41.1,22.7,997.7,62,2.6,16.7,29.4,48.83333333
30/09/2018,Sunday,30.5,37.1,25.5,997.3,73,2.6,6.5,22.2,64.45833333
1/10/2018,Monday,33.9,40.6,28,997,59,2.1,8.1,25.9,80.54166667
2/10/2018,Tuesday,35.6,41.4,28.4,993.2,55,1.9,10.9,18.3,65.41666667
3/10/2018,Wednesday,37.9,43,31,991.5,44,2.3,17.8,25.9,54.66666667
4/10/2018,Thursday,36.9,41.7,32.7,994,49,1.9,9.8,24.1,78.54166667
5/10/2018,Friday,33.3,39,25.3,997.7,56,1.9,9.8,16.5,49.125
6/10/2018,Saturday,32.4,38.1,23.5,1000.8,66,1.9,3.3,7.6,65.875
7/10/2018,Sunday,34.7,39.9,28.8,1001.5,55,1.9,9.4,22.2,72.41666667
8/10/2018,Monday,31.2,35.2,27,1000.9,71,1.9,6.3,11.1,184.6666667
9/10/2018,Tuesday,29.5,36.6,25.5,1000.9,76,1.8,5.7,14.8,113.3333333
10/10/2018,Wednesday,28.9,36.6,26.1,998.4,80,1.9,5.2,14.8,146.2083333
11/10/2018,Thursday,34,38.8,26.8,998.1,55,1.9,5.6,14.8,112.2916667
12/10/2018,Friday,34.9,40.3,28.6,996.8,48,1.9,9.6,25.9,60.625
13/10/2018,Saturday,35.9,40.5,29.6,996.3,46,1.9,13.7,27.8,71
14/10/2018,Sunday,33.3,42.3,29.2,997.8,69,1.9,5.2,9.4,153.4166667
15/10/2018,Monday,32.4,40.2,25.9,997.2,74,1.9,6.7,14.8,134.9583333
16/10/2018,Tuesday,33.2,39,28.5,996.2,68,1.9,8.9,11.1,81.125
17/10/2018,Wednesday,29.8,33.6,25.4,995.1,76,1.9,6.3,18.3,52.25
18/10/2018,Thursday,30.8,34.6,26.5,996.6,74,1.9,6.3,14.8,160.375
19/10/2018,Friday,32.1,35.8,27.2,996.1,71,1.9,4.6,9.4,99.375
20/10/2018,Saturday,30.7,33.9,26.5,1000.8,70,1.9,10,14.8,31.45833333
21/10/2018,Sunday,32.5,37.5,27.6,1001.9,67,1.9,7.2,18.3,47.375
22/10/2018,Monday,31.7,37.5,28.1,1002.1,71,1.9,2.4,33.5,38.16666667
23/10/2018,Tuesday,32.5,36.5,28.2,999.9,71,1.9,7.8,16.5,35.95833333
24/10/2018,Wednesday,33.3,37.7,28.1,998,66,1.9,6.5,9.4,25.08333333
25/10/2018,Thursday,30.3,35.3,28.4,996.9,81,1.9,0.9,7.6,45.83333333
26/10/2018,Friday,31.4,36.6,27,995.3,72,1.9,5.7,13,33.70833333
27/10/2018,Saturday,31,34,29,996.8,71,1.9,5.6,16.5,26.41666667
28/10/2018,Sunday,30.9,35,27.6,998.4,73,1.9,5.9,14.8,30.66666667
29/10/2018,Monday,30.9,35.4,27,1000.3,75,1.9,4.8,16.5,29.95833333
30/10/2018,Tuesday,32,36.6,27,998.1,63,2.3,20.7,27.8,23.875
31/10/2018,Wednesday,30.5,36.2,25.4,997.3,65,2.3,18.5,29.4,22.33333333
1/11/2018,Thursday,31.2,35.7,27.6,999,62,1.9,14.6,27.8,25.08333333
2/11/2018,Friday,33,37,27,1004.8,59,1.9,6.9,16.5,66.79166667
3/11/2018,Saturday,33.3,38.4,28,1002.5,54,1.9,8.9,18.3,64.875
4/11/2018,Sunday,32.6,38.4,28,1001.3,51,1.9,10.9,27.8,47.58333333
5/11/2018,Monday,33.7,39.1,27.5,1002.6,53,2.7,7.8,16.5,33.5
6/11/2018,Tuesday,34.1,39.4,29,1001.5,49,3.1,10,18.3,43.04166667
7/11/2018,Wednesday,34.1,39.4,27.5,1001.1,53,2.9,8,20.6,38.41666667
8/11/2018,Thursday,27.5,34.8,25,1001,89,1.9,4.3,16.5,49.29166667
9/11/2018,Friday,29.5,35.3,24.6,1001.1,71,2.3,10.9,48.2,19.54166667
10/11/2018,Saturday,29.4,35.3,26.3,1001.7,76,2.6,10.4,20.6,22.83333333
11/11/2018,Sunday,28.5,33.2,26,1001.3,82,1.9,15,25.9,24.29166667
12/11/2018,Monday,30.9,34.7,25.7,1003.5,73,1.9,1.3,5.4,74.66666667
13/11/2018,Tuesday,31.2,36,26.4,1003.3,72,1.9,3.5,13,41.875
14/11/2018,Wednesday,30.8,36,26.8,1002.5,76,1.9,1.9,11.1,50.58333333
15/11/2018,Thursday,29.3,34.1,23.5,1004.1,73,1.8,4.3,11.1,58.125
16/11/2018,Friday,29,34.8,24.6,1004.3,71,1.9,6.7,14.8,57.29166667
17/11/2018,Saturday,29.8,34.9,22.5,1004.2,68,2.6,6.7,18.3,38.25
18/11/2018,Sunday,31,36.3,25.3,1003.5,62,3.1,4.3,14.8,47.41666667
19/11/2018,Monday,31,36.3,26,1002.8,61,2.3,4.4,11.1,56.91666667
20/11/2018,Tuesday,30.4,36.2,25.2,1003.6,61,2.6,5.6,14.8,54.625
21/11/2018,Wednesday,30,35.8,24.2,1007.7,58,2.6,9.6,18.3,45.95833333
22/11/2018,Thursday,30.1,35.7,24,1008.1,57,2.4,5.7,16.5,52.25
23/11/2018,Friday,30.7,36.3,25.4,1009.2,54,3.1,8.9,16.5,43.33333333
24/11/2018,Saturday,31,36.9,24.3,1010.1,54,3.1,3.1,11.1,41.95833333
25/11/2018,Sunday,30.3,36.9,24.6,1009.1,58,2.6,2.8,9.4,0
26/11/2018,Monday,30.7,37,24.4,1008.1,57,2.7,2,14.8,0
27/11/2018,Tuesday,30.9,37.2,24.5,1008.3,65,1.6,1.1,5.4,45.75
28/11/2018,Wednesday,29.6,35.2,24.9,1009.9,59,1.9,3,20.6,70.70833333
29/11/2018,Thursday,27.6,34.6,22.2,1010,56,2.3,3.3,11.1,51.79166667
30/11/2018,Friday,27.6,34.5,18.6,1009.8,66,1.8,8.7,14.8,0
1/12/2018,Saturday,24.4,33.6,21.4,1011,75,1.9,5.4,14.8,11.58333333
2/12/2018,Sunday,24.5,30.4,19.6,1014.8,73,2.1,3.1,7.6,13
3/12/2018,Monday,23.8,31.5,16.5,1012.5,61,1.4,4.3,11.1,156.25
4/12/2018,Tuesday,24.7,32.3,16.6,1013.3,60,1.8,4.4,14.8,156
5/12/2018,Wednesday,25.4,33.3,18,1014.5,60,1.4,2,5.4,151.7916667
6/12/2018,Thursday,25.4,33.1,18.6,1012.3,71,1,0.9,3.5,252.625
7/12/2018,Friday,25.1,32.3,19.4,1014.9,69,1.4,2,9.4,119.4166667
8/12/2018,Saturday,24.9,32.6,19.5,1013.7,67,1.4,1.9,9.4,126
9/12/2018,Sunday,23.2,32.1,16,1013.7,62,1,3.7,11.1,232.3333333
10/12/2018,Monday,22.5,29.3,16.6,1014,57,1.3,5.4,11.1,215.5416667
11/12/2018,Tuesday,22.7,31.1,15.8,1014.5,54,1.4,7.2,20.6,239.4166667
12/12/2018,Wednesday,23.4,31.2,15,1013.4,58,1.1,4.1,14.8,196.5416667
13/12/2018,Thursday,23.9,31.7,16.6,1012.9,69,1,2.4,11.1,232.5416667
14/12/2018,Friday,24,32.1,17.1,1014.6,69,1.3,1.7,9.4,185.5
15/12/2018,Saturday,24.2,31.6,17.2,1015.3,62,1.1,4.3,11.1,282.1666667
16/12/2018,Sunday,18.5,27.6,11.7,1016.6,56,1.3,3.3,11.1,257.6666667
17/12/2018,Monday,18.3,27.6,9,1016.4,48,1.3,7.4,22.2,166.875
18/12/2018,Tuesday,18.6,27.5,10.6,1014.8,51,1.3,2.8,11.1,135.1666667
19/12/2018,Wednesday,17.6,28.8,8.5,1016.6,59,1.3,1.1,9.4,211.4583333
20/12/2018,Thursday,18.4,28.8,11.7,1014.9,58,1.4,3.7,9.4,215.5
21/12/2018,Friday,17.2,27.8,9.8,1014.1,64,1,2,11.1,223.375
22/12/2018,Saturday,16.4,26.6,8,1015,57,1.3,2.6,14.8,135.5833333
23/12/2018,Sunday,17.4,26.7,9,1011.2,55,1.4,6.3,14.8,152.0416667
24/12/2018,Monday,20.1,30,11.4,1013.8,47,1.8,8.9,22.2,46.70833333
25/12/2018,Tuesday,20.1,29,13.8,1014.3,52,1.9,7.2,22.2,91.75
26/12/2018,Wednesday,20.3,28.1,14,1013.6,52,1.9,9.3,22.2,99.91666667
27/12/2018,Thursday,17.2,27.4,10.5,1014.9,52,1.6,4.8,14.8,119.7083333
28/12/2018,Friday,17.1,26.3,10.2,1015.1,54,1.6,2.8,11.1,110.875
29/12/2018,Saturday,15.8,22.3,10.4,1016.2,77,1,8.9,14.8,203.5833333
30/12/2018,Sunday,15,20.8,13.2,1016.8,93,1.1,3.5,9.4,25.08333333
31/12/2018,Monday,14.2,20,10.4,1019.2,82,1.6,1.9,9.4,57.08333333
1/1/2019,Tuesday,11.7,17.6,7.4,1022.3,85,0.3,0.4,3.5,349.2916667
2/1/2019,Wednesday,11.3,17.5,7.2,1018.8,81,0.8,5.7,13,188.0416667
3/1/2019,Thursday,9.5,17.5,5.6,1018.1,84,0.5,0.9,3.5,310.25
4/1/2019,Friday,9.3,16,6,1020,85,0.6,8.1,14.8,204.375
5/1/2019,Saturday,10.8,17,6.3,1017.7,82,0.8,7.8,11.1,223.25
6/1/2019,Sunday,10.4,19.2,4.8,1018.6,71,0.8,2.8,11.1,248.9583333
7/1/2019,Monday,14.9,21.6,8.8,1017.4,76,0.8,0.9,7.6,172.75
8/1/2019,Tuesday,14.7,21.6,10.2,1018.1,97,0.6,3.1,9.4,146.7916667
9/1/2019,Wednesday,15,16.8,13.6,1017.5,94,0.5,0.9,7.6,113.875
10/1/2019,Thursday,9.8,17.6,6.4,1016.6,90,0.5,3.9,11.1,227
11/1/2019,Friday,10.1,14.5,7.2,1019.2,90,0.3,3.3,7.6,231.25
12/1/2019,Saturday,10.5,16.3,6.8,1020.1,84,0.5,1.5,5.4,272.125
13/01/2019,Sunday,12.3,18.3,4,1017.1,81,0.5,4.8,9.4,228.7916667
14/01/2019,Monday,12.1,18.3,9,1017.5,86,0.6,5.2,9.4,200.875
15/01/2019,Tuesday,12.3,19,5.8,1019.3,82,0.5,0.9,7.6,214.0416667
16/01/2019,Wednesday,13.9,21.6,9.4,1019,79,1,1.9,14.8,217.25
17/01/2019,Thursday,13.4,20.7,9.8,1020.1,80,0.8,7.2,11.1,212.4583333
18/01/2019,Friday,13.3,17.5,9.5,1021.2,79,0.8,3.7,7.6,202.6666667
19/01/2019,Saturday,13.1,18.3,8.5,1020.6,80,0.8,4.1,14.8,138.7916667
20/01/2019,Sunday,13.7,18.3,11.6,1019.9,91,0.6,0.9,7.6,153.0833333
21/01/2019,Monday,13.3,18.4,9.8,1019.3,79,1,5.2,14.8,159.7083333
22/01/2019,Tuesday,13.8,21.5,7.2,1018,60,2.4,9.1,24.1,151.875
23/01/2019,Wednesday,15.1,24,6.7,1017.6,66,1.3,5,11.1,224.7916667
24/01/2019,Thursday,17.3,23.8,10.4,1017.5,70,1,11.9,18.3,177.625
25/01/2019,Friday,16.7,23.8,13,1020.7,75,0.8,7.2,14.8,149.625
26/01/2019,Saturday,15.7,25.6,7.4,1016.9,68,1.4,1.9,7.6,161.1666667
27/01/2019,Sunday,16.7,25.6,9.3,1017.5,66,1.4,4.4,13,136.75
28/01/2019,Monday,16.9,25.5,10.5,1019.9,65,2.3,5.6,22.2,50.91666667
29/01/2019,Tuesday,17.2,25.5,9.3,1012.8,61,2.4,6.7,20.6,120.2083333
30/01/2019,Wednesday,19.3,28.6,10.6,1009.5,65,2.6,4.3,14.8,137.125
31/01/2019,Thursday,18.9,28.6,11.2,1012.8,73,0.8,1.5,7.6,197.0833333
1/2/2019,Friday,22.9,29.3,17,1012.4,78,1.6,7.6,14.8,166.375
2/2/2019,Saturday,22.8,29.3,18,1013.7,72,1.9,7.2,14.8,126.5833333
3/2/2019,Sunday,21.9,29.1,15.2,1014.1,69,2.3,11.3,18.3,94.91666667
4/2/2019,Monday,23.2,28.6,18.4,1008.5,65,1.4,6.5,13,133.9583333
5/2/2019,Tuesday,20,27.6,14.5,1009.8,42,1.9,6.7,11.1,69.25
6/2/2019,Wednesday,19.2,27.6,11.1,1013,49,2.6,5.7,11.1,79.29166667
7/2/2019,Thursday,17.3,19,15.2,1011,94,1.8,14.8,24.1,31.625
8/2/2019,Friday,17.4,22.1,14.6,1012.6,92,1.9,6.7,16.5,20.41666667
9/2/2019,Saturday,16.1,22.1,12.8,1013.8,84,1.8,5.6,13,61.125
10/2/2019,Sunday,18.6,27.3,12.5,1014,79,2.6,3.9,13,49.58333333
11/2/2019,Monday,19.4,27.6,14,1015.2,79,2.3,7.8,18.3,34.91666667
12/2/2019,Tuesday,18.1,24.1,13.3,1021.1,60,2.7,12.2,20.6,47.5
13/02/2019,Wednesday,21.3,28.3,14.2,1014.7,70,1.6,4.1,9.4,128.8333333
14/02/2019,Thursday,21.6,27.3,15.8,1015.3,71,2.6,7.8,20.6,56.33333333
15/02/2019,Friday,17.7,27.3,16,1015.3,92,1.9,11.5,18.3,20.29166667
16/02/2019,Saturday,21.1,28.3,14,1014.8,69,2.4,5.4,13,59.16666667
17/02/2019,Sunday,22.5,30.2,14.5,1014.8,68,2.6,9.1,22.2,83.83333333
18/02/2019,Monday,24.9,31.7,15.8,1014.8,65,2.6,5.9,13,89.375
19/02/2019,Tuesday,26.8,35.1,18.5,1011.7,68,2.3,2.6,11.1,101.375
20/02/2019,Wednesday,28.6,36.5,20.3,1012.4,59,1.8,9.3,55.4,109.75
21/02/2019,Thursday,27.7,35.6,20.4,1011.7,54,2.7,7.4,24.1,42.91666667
22/02/2019,Friday,25.1,30.8,19,1010.4,70,2.1,3.7,11.1,47.25
23/02/2019,Saturday,26.4,32.5,20.3,1007.4,64,1.9,2.4,9.4,81.20833333
24/02/2019,Sunday,28.7,34.7,21,1004.7,53,1.9,9.4,18.3,52.29166667
25/02/2019,Monday,24.4,34.7,19,1004.6,76,3.1,7,14.8,28.45833333
26/02/2019,Tuesday,23.9,31.4,19.2,1010.2,69,1.9,9.8,13,49.5
27/02/2019,Wednesday,25.2,32.2,18.2,1012,56,2.6,6.7,16.5,75.16666667
28/02/2019,Thursday,25.8,32.5,18.6,1010.3,58,2.7,9.1,24.1,53.125
1/3/2019,Friday,24.9,32.2,19,1013.7,74,2.3,7,13,54.70833333
2/3/2019,Saturday,26.4,32.5,20,1012.8,68,2.6,3,11.1,52.625
3/3/2019,Sunday,27.6,34.3,20.8,1013,65,3.1,5.9,14.8,51.375
4/3/2019,Monday,32,40.6,21.6,1003.9,45,2.7,4.3,9.4,94.33333333
5/3/2019,Tuesday,32.8,40.6,26,1005.8,45,1.9,7.2,11.1,92.91666667
6/3/2019,Wednesday,31.8,39.6,25.4,1005.6,35,1.9,11.1,27.8,80.20833333
7/3/2019,Thursday,30.4,39.1,22.2,1005.9,51,1.9,13,22.2,71.66666667
8/3/2019,Friday,28.8,37.1,22.8,1008,59,1.9,15.7,25.9,31.83333333
9/3/2019,Saturday,30.2,37.1,23.5,1006.7,59,1.9,17.6,33.5,47.66666667
10/3/2019,Sunday,31.2,39.4,24.2,1005.8,52,2.7,5.4,14.8,48.125
11/3/2019,Monday,30.2,37.6,23.6,1006.3,47,2.6,4.4,11.1,56.25
12/3/2019,Tuesday,30.9,38.9,21.7,1006.7,44,2.7,3,11.1,103.4166667
13/03/2019,Wednesday,35.7,42.7,27.6,1003.4,21,1.9,14.4,27.8,76.875
14/03/2019,Thursday,34.1,42.7,27,1003.2,29,1.9,12.2,27.8,86.375
15/03/2019,Friday,35.1,42.7,25.7,1001.6,35,2.3,8.3,18.3,77.70833333
16/03/2019,Saturday,28.3,38.7,23.8,1006.5,65,2.4,7.8,14.8,48.5
17/03/2019,Sunday,29.9,35.9,22,1007.4,56,2.6,4.4,11.1,55.08333333
18/03/2019,Monday,28.7,35.8,24.2,1006.5,58,1.9,7,18.3,67.45833333
19/03/2019,Tuesday,31.4,41.5,24.9,1002.2,50,1.8,14.8,50,18.875
20/03/2019,Wednesday,33.2,41.5,22.4,1002,38,2.4,14.6,22.2,61.5
21/03/2019,Thursday,35.8,42.6,27,1000.4,30,2.6,11.3,24.1,68.91666667
22/03/2019,Friday,37.8,45.5,28,996.7,29,2.6,10.9,22.2,77.375
23/03/2019,Saturday,35.3,45.5,24.4,999.2,33,2.3,17,55.4,63.91666667
24/03/2019,Sunday,33.8,45,24.8,1001.3,26,2.6,6.7,18.3,63.66666667
25/03/2019,Monday,35.3,40.6,28.9,1000.7,30,1.9,15.2,27.8,63.625
26/03/2019,Tuesday,30.1,40.6,23.5,1002.2,47,1.9,14.3,29.4,25.45833333
27/03/2019,Wednesday,31.6,39.9,22.2,1003.4,46,1.9,8.5,20.6,20.75
28/03/2019,Thursday,28.7,34.1,23.6,1004.3,59,1.9,6.7,11.1,40.5
29/03/2019,Friday,35.1,42.5,26,999.4,42,2.6,7.2,16.5,64.83333333
30/03/2019,Saturday,36.3,42.9,27.7,998.7,38,2.6,6.3,22.2,63
31/03/2019,Sunday,37.6,42.4,30,998.8,32,1.9,18.7,27.8,73.83333333
1/4/2019,Monday,31.9,41.6,28,998.8,52,2.3,9.4,14.8,31.875
2/4/2019,Tuesday,27,39.7,20.5,1000.2,82,1.9,3.9,13,54.95833333
3/4/2019,Wednesday,30.8,34.9,25.5,999.4,66,1.9,3.1,9.4,77.75
4/4/2019,Thursday,35.9,41.6,29,996.7,54,1.9,8.5,18.3,75.33333333
5/4/2019,Friday,33,42.3,27.2,997.8,56,1.9,13,25.9,32.58333333
6/4/2019,Saturday,30.4,34.4,25.3,997,70,1.9,5.6,20.6,28.375
7/4/2019,Sunday,26.5,36.8,22.4,994.9,86,1.8,6.3,11.1,28.54166667
8/4/2019,Monday,31.5,36.8,24,994.7,62,1.8,11.7,22.2,51.04166667
9/4/2019,Tuesday,32.7,38,27,996.9,56,1.9,14.1,29.4,40
10/4/2019,Wednesday,31.9,37.8,25,1001.8,61,1.9,4.3,9.4,37.58333333
11/4/2019,Thursday,33.8,38.9,27,1001.1,54,1.9,7,13,37.625
12/4/2019,Friday,33.4,39.8,27.6,999.7,54,1.9,13,25.9,34.375
13/04/2019,Saturday,28.3,33.6,23.3,998.4,87,1.9,1.7,7.6,42.29166667
14/04/2019,Sunday,31.2,35.8,24.8,998.6,77,1.9,2.8,11.1,45.66666667
15/04/2019,Monday,29.7,35.8,25.2,998.9,82,1.9,2.6,9.4,40.625
16/04/2019,Tuesday,29.9,33.7,23.3,1000.6,78,2.6,4.8,11.1,26.875
17/04/2019,Wednesday,31.1,35.6,26.4,998.5,73,1.9,10.9,18.3,30.70833333
18/04/2019,Thursday,33.4,37,27,994.1,61,1.9,17.2,29.4,10.20833333
19/04/2019,Friday,30.1,34.7,26,997.7,76,1.9,0.7,5.4,43.04166667
20/04/2019,Saturday,29.1,34.7,24.4,999.2,82,1.9,4.8,11.1,19.41666667
21/04/2019,Sunday,31.5,35.7,25.7,999.9,74,1.9,8.1,13,8.416666667
22/04/2019,Monday,31.3,36.5,27.3,999.3,73,2.7,8.7,14.8,0
23/04/2019,Tuesday,30,36.6,27,998.8,76,2.6,16.9,25.9,0
24/04/2019,Wednesday,29.7,34.7,24.6,1000.2,74,2.7,11.3,18.3,4.833333333
25/04/2019,Thursday,28.9,31.6,25,999.7,77,1.9,4.1,14.8,15.375
26/04/2019,Friday,28.4,32.6,25.4,1002.7,77,1.9,0.9,7.6,19.83333333
27/04/2019,Saturday,29.8,33.9,25,1003.5,75,1.9,2.6,7.6,25.79166667
28/04/2019,Sunday,31.6,35.5,25.4,1001.9,63,1.9,5.4,11.1,22.70833333
29/04/2019,Monday,29.4,34.4,26.4,999.9,86,1.8,2.2,14.8,31.33333333
30/04/2019,Tuesday,28.8,34.4,25.3,1001.7,88,1.6,1.7,7.6,47.41666667
1/5/2019,Wednesday,27.5,30.8,25,1000.2,92,1.3,3,7.6,33.79166667
2/5/2019,Thursday,31.9,35.8,28,1001.8,75,1.9,0.4,3.5,39.04166667
3/5/2019,Friday,30.9,35.8,28.6,1001.8,78,1.9,3.3,14.8,41.70833333
4/5/2019,Saturday,31.6,35.6,25.8,1002.7,67,2.9,13,22.2,12.25
5/5/2019,Sunday,30.9,35.5,27.7,1001.5,66,1.9,14.6,27.8,14.5
6/5/2019,Monday,29.5,34.5,27.6,1002,77,1.9,8.5,18.3,23.91666667
7/5/2019,Tuesday,32,35.6,27,1000.9,64,3.4,10,20.6,27.375
8/5/2019,Wednesday,31.9,36.2,28,1001.1,68,2.6,4.8,14.8,29.20833333
9/5/2019,Thursday,32.4,36.9,28.1,1001.9,68,2.7,5.4,11.1,36.5
10/5/2019,Friday,32.2,36.8,28.4,1002,61,2.6,14.6,24.1,27.83333333
11/5/2019,Saturday,32.1,36.6,28,1000.8,56,1.9,15.4,25.9,44.125
12/5/2019,Sunday,31.9,36.6,27.5,1001.7,54,1.9,12.8,24.1,62.25
13/05/2019,Monday,31.4,36.5,27.6,1005.5,56,1.9,11.7,25.9,60.125
14/05/2019,Tuesday,31.5,36.9,26.6,1005.7,53,1.9,9.4,22.2,34.66666667
15/05/2019,Wednesday,31.9,36.9,26.8,1005.8,54,2.7,11.9,35.2,39.20833333
16/05/2019,Thursday,31,36.7,26.4,1005.7,54,2.6,10.2,31.7,38.70833333
17/05/2019,Friday,32.2,37.9,27.3,1005.8,61,1.9,1.3,3.5,69.95833333
18/05/2019,Saturday,31.8,37.9,26.8,1003.5,59,1.9,2.6,9.4,94.375
19/05/2019,Sunday,32.9,38,27.5,1003.3,62,1.9,0.4,3.5,85.75
20/05/2019,Monday,30.4,35.9,26,1003.6,78,1.6,2,7.6,51.66666667
21/05/2019,Tuesday,29.1,34.8,27.2,1003.4,76,1.9,4.6,11.1,39.41666667
22/05/2019,Wednesday,30.2,36.5,26.2,1002.3,70,1.9,5.7,14.8,23.95833333
23/05/2019,Thursday,28.4,33.9,23.5,1003.8,55,2.6,8.5,20.6,43.5
24/05/2019,Friday,29.4,35.1,23.7,1005.3,60,2.3,6.3,14.8,50.41666667
25/05/2019,Saturday,28.6,35.2,25,1007.2,64,2.3,3,9.4,55.70833333
26/05/2019,Sunday,28.1,35.3,21.5,1011.8,56,2.6,5.6,13,57.125
27/05/2019,Monday,28.6,35.6,22.7,1009,72,1.9,6.5,18.3,112.2916667
28/05/2019,Tuesday,28.5,35.4,23.2,1007.3,70,1.9,4.4,14.8,97.70833333
29/05/2019,Wednesday,28.6,36,21.8,1004.3,65,1.9,6.1,24.1,80.70833333
30/05/2019,Thursday,29.6,35.5,25,1011,69,1.9,3.7,9.4,81.625
31/05/2019,Friday,28.2,34.9,22.9,1012.7,70,1.9,3.9,9.4,65.375
1/6/2019,Saturday,27.6,34.9,21.5,1013.6,71,1.8,0.4,3.5,84.375
2/6/2019,Sunday,28.2,36.1,21.9,1011.7,70,1.9,3.5,9.4,141.9583333
3/6/2019,Monday,27.7,36.2,22.9,1009.9,69,1.9,3,9.4,153.375
4/6/2019,Tuesday,26.6,36.2,21,1012,68,1.6,2,7.6,162.875
5/6/2019,Wednesday,26.4,34.4,18.3,1012.8,53,2.1,5.4,14.8,0
6/6/2019,Thursday,25.4,34.4,20.3,1015,59,1.9,5.6,16.5,49.33333333
7/6/2019,Friday,24.7,33.3,18.5,1014,61,2.3,3.5,7.6,107.3333333
8/6/2019,Saturday,22.3,29.8,15.6,1016,73,1.6,1.1,5.4,273.625
9/6/2019,Sunday,22.9,31.4,16.2,1016.1,73,1.4,0.9,3.5,256.9583333
10/6/2019,Monday,23.4,31.8,17.3,1015.8,75,1.6,0.4,3.5,185.0833333
11/6/2019,Tuesday,23.9,31.8,18.6,1014.2,73,1.8,0.4,1.9,249.5
12/6/2019,Wednesday,21.9,30.2,16.1,1014.8,79,0.5,1.1,7.6,365.75
13/06/2019,Thursday,21.9,29,17.1,1016,75,1.1,1.9,5.4,241.875
14/06/2019,Friday,22.1,29.8,16.1,1015,77,1.3,0.7,3.5,176.875
15/06/2019,Saturday,22.3,29.3,16.1,1014.9,64,0.8,5.4,18.3,353.0416667
16/06/2019,Sunday,22.4,29.8,16.5,1012,65,1.1,3.5,13,257.4166667
17/06/2019,Monday,18.5,27.7,11.5,1017.6,68,1.3,0.9,7.6,207.8333333
18/06/2019,Tuesday,18.6,27.7,11.4,1016.4,69,1.1,0.4,3.5,268.1666667
19/06/2019,Wednesday,18.8,28.5,11.5,1015.4,69,0.8,1.3,3.5,278.3333333
20/06/2019,Thursday,19.3,28,13,1014.7,61,1.9,5.7,18.3,157.5
21/06/2019,Friday,20,29.1,11.9,1012.6,64,1.4,0.9,7.6,156.375
22/06/2019,Saturday,18.4,29.1,13.5,1011.4,71,1.3,2.6,7.6,200.5
23/06/2019,Sunday,19.3,28,13.8,1014.7,81,0.6,1.7,7.6,212.125
24/06/2019,Monday,17.9,26.2,13.5,1016.2,75,0.8,2,11.1,190.5
25/06/2019,Tuesday,17.6,24.6,11.2,1016.1,75,0.8,7,18.3,236.4166667
26/06/2019,Wednesday,17.8,26.2,11,1017.1,79,0.6,2,7.6,286.375
27/06/2019,Thursday,20.2,27,12,1015.8,68,1,1.3,5.4,288.0833333
28/06/2019,Friday,19.2,26.9,11.6,1015.4,78,1,4.8,14.8,302.4583333
29/06/2019,Saturday,14.8,21,6.8,1016.4,63,2.4,5.4,13,163
30/06/2019,Sunday,14.6,21.3,6,1017.1,59,2.6,8.1,14.8,161.375
1/7/2019,Monday,15.2,22.2,7,1016.5,60,2.4,7,14.8,157.375
2/7/2019,Tuesday,14.4,21.1,6.8,1019.1,65,1.6,5.6,13,245.9166667
3/7/2019,Wednesday,12.6,21,0,1018.9,68,1.4,2.6,9.4,264.5833333
4/7/2019,Thursday,13.7,21,5.6,1018.8,71,1.3,1.5,7.6,253.2916667
5/7/2019,Friday,13.3,19.3,5.5,1021.9,62,1.9,7.8,14.8,181.2083333
6/7/2019,Saturday,14.4,21.5,5.5,1021,60,1.8,8.9,18.3,210.875
7/7/2019,Sunday,16.3,22.5,7.6,1020.6,64,1.4,8.1,14.8,255.3333333
8/7/2019,Monday,16.9,25.1,6.6,1021.3,65,1.1,2,7.6,284.7958333
9/7/2019,Tuesday,15.5,24.1,7.7,1021,71,1.1,3.5,11.1,219.7208333
10/7/2019,Wednesday,14.9,22.8,8,1018.4,73,1.1,5.9,13,182.1875
11/7/2019,Thursday,18.3,24.7,11.5,1018.1,85,0.5,1.1,7.6,154.0375
12/7/2019,Friday,16.5,24.7,12,1017.4,82,0.6,8,13,223.2083333
13/07/2019,Saturday,16.6,22.2,10.2,1015.4,65,1.8,10,20.6,200.6458333
14/07/2019,Sunday,18.2,25.1,12,1014.4,77,0.6,5,11.1,285.225
15/07/2019,Monday,15.6,23.2,10.9,1015.6,82,0.6,4.3,9.4,236.825
16/07/2019,Tuesday,13,19,9.6,1016.9,85,0.8,10.7,16.5,276.9083333
17/07/2019,Wednesday,12.3,19,8.9,1015.8,91,0.5,4.6,9.4,108
18/07/2019,Thursday,11.9,15.7,7.5,1018.9,86,0.8,6.1,11.1,107.625
19/07/2019,Friday,12,17,6.7,1019.8,75,1.3,7.6,13,125.8916667
20/07/2019,Saturday,11.7,18,6.4,1017.3,76,0.8,4.4,13,181.0125
21/07/2019,Sunday,14.6,21,6.8,1015.6,81,0.6,2.4,7.6,152.5541667
22/07/2019,Monday,17.7,24,9,1014.5,69,1.4,4.4,9.4,152.3208333
23/07/2019,Tuesday,17.4,27.2,12.2,1016.4,79,1.1,7.8,18.3,319.7375
24/07/2019,Wednesday,15.9,22.4,8.4,1017.6,66,2.4,7.2,16.5,332.7083333
25/07/2019,Thursday,15.2,22.6,6.6,1018.2,56,1.9,8.9,22.2,279.6
26/07/2019,Friday,12.7,19.5,8,1017.6,69,1.3,8.3,18.3,179.1166667
27/07/2019,Saturday,15.6,24.6,10.7,1015.7,81,1.3,2.8,9.4,54.79166667
28/07/2019,Sunday,17.1,23.2,9,1017.1,69,1.8,5.9,11.1,93.375
29/07/2019,Monday,17.6,24,10.1,1014.8,67,1.4,5.9,14.8,103
30/07/2019,Tuesday,17.2,26,11.5,1014.7,65,2.3,5.7,14.8,132.2083333
31/07/2019,Wednesday,17.7,24.4,9.7,1017,64,2.1,8,18.3,127.7083333
1/8/2019,Thursday,17.4,24.4,10.1,1018.9,61,2.3,6.1,11.1,109.3333333
2/8/2019,Friday,23.1,30,15.6,1014.9,71,1.4,4.1,9.4,56.45833333
3/8/2019,Saturday,23.7,29.8,18.7,1014,75,1.4,11.1,18.3,135.8333333
4/8/2019,Sunday,20.9,27.8,15.8,1014.4,62,2.6,17.2,27.8,122.5
5/8/2019,Monday,22.6,30.3,11.5,1015.4,57,2.4,5.4,11.1,69.66666667
6/8/2019,Tuesday,22.7,30.4,12.8,1017.7,56,2.6,2.4,7.6,79.83333333
7/8/2019,Wednesday,22.7,30.6,13,1018.4,58,2.4,3.3,7.6,62.70833333
8/8/2019,Thursday,25,31,15,1015.7,59,1.9,1.7,5.4,1.916666667
9/8/2019,Friday,24.9,32.4,15.2,1015,57,1.9,1.7,9.4,1.833333333
10/8/2019,Saturday,26.8,33.4,15.7,1014.5,52,2.4,4.6,9.4,1.791666667
11/8/2019,Sunday,23.7,29.1,15.8,1011.9,67,2.1,5.2,11.1,117.5833333
12/8/2019,Monday,23.4,29.1,17,1011.4,63,2.1,6.7,16.5,122.7083333
13/08/2019,Tuesday,24.3,29,15.6,1011.7,56,1.9,10,18.3,76.54166667
14/08/2019,Wednesday,24.3,31,16.8,1010.8,66,3.4,6.9,14.8,59.20833333
15/08/2019,Thursday,22.4,29.5,17.1,1014.1,68,3.4,6.3,16.5,77.20833333
16/08/2019,Friday,24.1,29.2,14.5,1014.4,59,2.4,8.5,18.3,87.83333333
17/08/2019,Saturday,26.8,33,19,1008.8,61,2.3,3.5,11.1,123.7083333
18/08/2019,Sunday,27.1,33,19,1009.9,61,2.6,2.8,13,64.79166667
19/08/2019,Monday,26.5,32.8,19.5,1010.5,45,2.9,12.2,25.9,62.875
20/08/2019,Tuesday,29.8,36.2,18.2,1012.7,52,2.4,3.3,7.6,52.04166667
21/08/2019,Wednesday,24.7,36.6,19.7,1012.8,66,2.4,9.4,14.8,128.3333333
22/08/2019,Thursday,26.2,32,19.5,1012.5,56,3.1,9.1,14.8,87.58333333
23/08/2019,Friday,29.9,37,19.5,1008.3,39,2.7,4.4,9.4,23.20833333
24/08/2019,Saturday,30.4,37.5,21.6,1006.3,41,2.6,12,27.8,15.16666667
25/08/2019,Sunday,32.3,39,21.5,1007.3,39,3.4,5.4,13,21.25
26/08/2019,Monday,33.4,39.1,24.8,1008,47,2.1,2.6,7.6,25.75
27/08/2019,Tuesday,29.5,36.9,21.5,1007.2,41,2.3,11.3,16.5,105.3333333
28/08/2019,Wednesday,29.3,36,18.8,1008.8,37,3.2,4.8,11.1,117.75
29/08/2019,Thursday,30.9,37,19,1008.9,33,2.6,6.9,14.8,20.79166667
30/08/2019,Friday,31.6,38,23.2,1002.6,30,3.1,18.7,35.2,46.91666667
31/08/2019,Saturday,33.1,39,24,1003,26,2.6,10.4,24.1,104.625
1/9/2019,Sunday,33.6,40,23,1003.8,27,2.4,9.8,18.3,109.625
2/9/2019,Monday,34,40.6,26.3,1005.5,29,2.6,13.9,22.2,0
3/9/2019,Tuesday,33.9,39.6,25.8,1002.7,28,2.7,15.7,29.4,30.875
4/9/2019,Wednesday,33.3,39.4,24.8,1000.7,28,3.1,8.3,18.3,75.58333333
5/9/2019,Thursday,33.4,40,21.2,1006.3,27,2.6,3.7,14.8,0
6/9/2019,Friday,33.2,40.3,22.2,1005.1,29,2.3,5,14.8,0
7/9/2019,Saturday,34,40.7,22.2,1004.6,24,2.4,11.9,22.2,0
8/9/2019,Sunday,34.7,41.5,22,1001.7,24,2.3,8.5,16.5,142.5
9/9/2019,Monday,38,44,23.8,1001.1,20,2.6,9.6,29.4,133.375
10/9/2019,Tuesday,35.4,44,28,1003.2,35,2.7,6.5,18.3,102.4166667
11/9/2019,Wednesday,33.2,38,25,1004.6,41,2.7,4.6,9.4,158.2916667
12/9/2019,Thursday,35.1,39.2,25.3,1005.1,40,2.4,7.2,11.1,149.5833333
13/09/2019,Friday,33.8,39.8,27.6,1005.5,44,2.4,9.8,16.5,107.2916667
14/09/2019,Saturday,37.1,42,27.5,1000.7,30,2.9,8.3,18.3,106.5
15/09/2019,Sunday,36.5,43,27,1001.8,35,2.6,4.1,22.2,128.125
16/09/2019,Monday,37.3,42.4,27.4,1002.4,32,2.6,4.8,14.8,108
17/09/2019,Tuesday,37.3,43.7,28.6,997.4,44,2.6,9.4,22.2,98.41666667
18/09/2019,Wednesday,37.3,42.8,31.2,996.2,49,2.6,8.3,14.8,94.375
19/09/2019,Thursday,36.2,41.5,30.7,995.3,50,2.9,10.9,18.3,118.5
20/09/2019,Friday,32.9,39,27.4,996.6,50,2.4,9.4,27.8,110.4166667
21/09/2019,Saturday,34.6,39,26,998.4,49,2.4,6.7,16.5,95.83333333
22/09/2019,Sunday,37.4,41,30.6,998.8,31,1.9,14.1,27.8,93.5
23/09/2019,Monday,32.7,37.5,24.7,1002.3,55,2.4,7.4,18.3,38.66666667
24/09/2019,Tuesday,36,40,26.6,1001.7,46,3.1,9.1,22.2,45.375
25/09/2019,Wednesday,37.7,42,30.7,1000.9,37,2.6,11.9,22.2,65.16666667
26/09/2019,Thursday,37.6,43,28.7,1001.2,42,2.4,2.8,11.1,67.08333333
27/09/2019,Friday,34.6,40.3,28.7,1001.1,51,2.7,10.2,25.9,77.66666667
28/09/2019,Saturday,35.9,41,28.6,998.6,50,2.6,8.5,18.3,70.25
29/09/2019,Sunday,35.7,41.2,30,997.6,48,2.3,9.3,27.8,75.125
30/09/2019,Monday,36,41,27.6,997.7,46,2.4,12.8,25.9,77
1/10/2019,Tuesday,32.6,40.7,26,996.9,59,2.6,11.9,29.4,32.95833333
2/10/2019,Wednesday,34.7,38,30.5,995.4,55,2.4,10.4,18.3,40.83333333
3/10/2019,Thursday,35.6,40,30,1000.7,57,3.1,9.4,25.9,90.70833333
4/10/2019,Friday,31.1,40.1,26,999.8,74,2.4,7.6,14.8,97.29166667
5/10/2019,Saturday,32.9,38.6,27,999.7,64,2.4,8.9,16.5,79.83333333
6/10/2019,Sunday,35.5,39.9,31.2,999.7,60,2.4,9.8,18.3,40.375
7/10/2019,Monday,34.9,39.6,29.6,999.6,61,2.4,7.8,14.8,49.41666667
8/10/2019,Tuesday,34.4,39.4,26,998.3,63,2.3,8,14.8,43.66666667
9/10/2019,Wednesday,32.2,39.8,25.4,995.4,73,2.3,8.3,14.8,0
10/10/2019,Thursday,28.4,36.6,24.4,998.1,82,2.4,5.2,9.4,29.66666667
11/10/2019,Friday,29.6,32,25.7,997.6,80,2.3,2,7.6,47.75
12/10/2019,Saturday,33.6,36.7,28.8,996.7,66,5.8,5.9,11.1,43.66666667
13/10/2019,Sunday,30.7,36.9,28.8,996.8,78,2.3,5.4,27.8,29.83333333
14/10/2019,Monday,33.3,37,27.8,996.2,68,2.6,6.7,11.1,29.66666667
15/10/2019,Tuesday,31.1,34.2,27.8,997.8,78,2.6,6.9,24.1,37.625
16/10/2019,Wednesday,30.4,35.4,26.7,997.8,82,2.1,5.2,14.8,41.45833333
17/10/2019,Thursday,31,35.2,26,997.9,80,2.4,7.2,18.3,53.125
18/10/2019,Friday,32.4,35.2,26.2,999,72,2.9,13.5,25.9,36
19/10/2019,Saturday,34.1,37,28.5,998.5,63,3.2,13,22.2,70.58333333
20/10/2019,Sunday,34.1,37.2,29,998.4,61,2.6,11.5,22.2,52.45833333
21/10/2019,Monday,31.9,35,28.3,1001.3,72,2.1,2.8,9.4,38.25
22/10/2019,Tuesday,30.3,35,27.6,1002.6,83,2.3,6.5,16.5,26.58333333
23/10/2019,Wednesday,28.3,35.8,26.8,1003.9,89,1.6,4.3,11.1,57.58333333
24/10/2019,Thursday,29.2,31,26,1000,85,1.8,4.6,13,41.375
25/10/2019,Friday,29.1,32.6,26.4,998.6,85,1.8,5.9,13,25.54166667
26/10/2019,Saturday,30.9,35,26,997.4,73,2.6,6.5,11.1,28.375
27/10/2019,Sunday,32.6,36,26.2,997.8,66,3.4,5.6,9.4,40.33333333
28/10/2019,Monday,33.3,36,26.4,999.7,67,3.2,7.8,18.3,35.375
29/10/2019,Tuesday,33.4,36.5,28.6,999.9,66,2.9,9.8,16.5,31.91666667
30/10/2019,Wednesday,31.2,36.7,28,997.8,75,2.7,9.1,14.8,36.79166667
31/10/2019,Thursday,29.9,34,25.5,1000.2,80,1.4,3.3,11.1,26.83333333
1/11/2019,Friday,29,33.7,26,999.1,85,2.1,6.5,22.2,21.125
2/11/2019,Saturday,31.3,34.5,27,997.6,71,3.2,12.2,22.2,18
3/11/2019,Sunday,31.7,34,26.4,999,71,2.6,2,11.1,43.58333333
4/11/2019,Monday,32.6,36,27.6,999.6,70,2.7,10.6,20.6,46.04166667
5/11/2019,Tuesday,31.2,35.9,26.1,1000.4,71,3.2,8.7,18.3,28.75
6/11/2019,Wednesday,31,35,26.8,1004.1,76,2.6,6.1,14.8,64.91666667
7/11/2019,Thursday,30.8,35.2,26.8,1005,76,2.7,3.7,18.3,30.66666667
8/11/2019,Friday,27.3,33.3,24,1002.4,89,2.1,7.8,27.8,33.16666667
9/11/2019,Saturday,27.8,31,25.2,1001.3,88,2.4,4.6,7.6,30.625
10/11/2019,Sunday,30.7,34,25.5,1000.1,73,2.6,13.7,22.2,30.33333333
11/11/2019,Monday,30.7,34,25,1000.5,65,3.4,12,27.8,31.75
12/11/2019,Tuesday,31.1,35,25,1003.1,64,3.2,10.4,18.3,0
13/11/2019,Wednesday,31.3,35,26,1004.6,63,3.2,11.5,18.3,0
14/11/2019,Thursday,31.4,36,26.7,1006.7,65,3.1,8.3,13,83.45833333
15/11/2019,Friday,30.4,35.6,25.7,1006.5,72,2.9,4.3,14.8,71.66666667
16/11/2019,Saturday,31.7,37.1,26,1003.2,63,2.9,1.7,5.4,62.375
17/11/2019,Sunday,32.5,37.2,25.3,1003,59,3.1,1.7,7.6,24.875
18/11/2019,Monday,32.6,37.4,27,1005.8,63,2.6,6.3,13,37.33333333
19/11/2019,Tuesday,30.7,34.8,25.6,1004.5,66,2.6,3.3,11.1,41.5
20/11/2019,Wednesday,31.4,35.2,26,1005.8,62,3.1,2,7.6,48.91666667
21/11/2019,Thursday,31.9,36,26.5,1007.2,66,2.3,2.4,7.6,26.66666667
22/11/2019,Friday,32.4,36.4,27.5,1007.8,65,3.1,3.5,11.1,29
23/11/2019,Saturday,30.3,35,24.7,1007.3,62,2.3,7.6,18.3,60.54166667
24/11/2019,Sunday,29.9,35,23,1006.3,60,2.6,6.7,24.1,41.58333333
25/11/2019,Monday,30,36,22.5,1004.9,63,2.6,3,7.6,50.91666667
26/11/2019,Tuesday,28.6,35,19.8,1008.2,49,3.7,11.5,22.2,82.83333333
27/11/2019,Wednesday,28.3,35.2,19,1009.4,53,3.4,9.1,35.9,95.25
28/11/2019,Thursday,26.8,35.2,17.5,1010.4,57,2.6,5.7,13,115.8333333
29/11/2019,Friday,27.6,35,17.6,1007.6,53,3.1,5.9,13,136.7083333
30/11/2019,Saturday,27.7,35,18.6,1006.9,52,3.1,7.8,28.7,160.6666667
1/12/2019,Sunday,27.3,35,19,1007.8,55,3.2,7.2,27.8,173.5833333
2/12/2019,Monday,27.2,34.5,19.5,1009,58,3.1,11.1,25.9,261.6666667
3/12/2019,Tuesday,26.4,33,18.4,1012.4,60,2.6,4.6,14.8,272.4166667
4/12/2019,Wednesday,25.4,33.4,16.5,1014.3,62,1.6,5,14.8,226.2916667
5/12/2019,Thursday,23.7,31.7,15.5,1017.7,69,1,1.3,5.4,99.70833333
6/12/2019,Friday,23.4,31.1,14.2,1016,60,1.1,3,7.6,217.375
7/12/2019,Saturday,22.6,30.6,15.8,1015.4,69,0.5,1.1,5.4,309.375
8/12/2019,Sunday,23.9,32,14.5,1015.6,63,1,2,5.4,166.9166667
9/12/2019,Monday,23.2,30.2,14,1012.6,55,1.1,7.4,18.3,278
10/12/2019,Tuesday,22.5,29.5,15.6,1013.3,56,1.1,11.7,22.2,192.3333333
11/12/2019,Wednesday,21.7,30,12.2,1014.5,52,1.1,6.3,16.5,235.3333333
12/12/2019,Thursday,22.2,30.2,13.6,1015.6,63,1.6,1.5,3.5,221.5416667
13/12/2019,Friday,20.8,29.3,12.1,1016.7,58,1.8,3.5,9.4,210.5416667
14/12/2019,Saturday,20.7,28.8,10.6,1017.8,56,1.8,6.1,16.5,251.2083333
15/12/2019,Sunday,20.8,29,10.5,1013.9,61,1.8,2.6,7.6,194.7083333
16/12/2019,Monday,22,31,10.7,1013.2,56,1.8,2.4,14.8,250.875
17/12/2019,Tuesday,21.4,30.6,10.8,1011.9,54,2.6,7.8,18.3,274.875
18/12/2019,Wednesday,24.2,31,16.5,1013,36,2.9,13.9,22.2,160
19/12/2019,Thursday,22.7,30.8,13.6,1012,38,3.4,11.9,20.6,217.9166667
20/12/2019,Friday,21.4,29.6,12.7,1013.7,40,2.6,8,20.6,184.2083333
21/12/2019,Saturday,19.2,25.9,11.9,1017,84,0.8,2.6,9.4,176.375
22/12/2019,Sunday,18.9,25.8,11.5,1017.9,77,0.6,5,13,185.9583333
23/12/2019,Monday,19.3,27,11.7,1019.6,57,1.8,5.2,11.1,195.375
24/12/2019,Tuesday,17.8,24.8,11.2,1017,74,0.6,0.7,7.6,365.2916667
25/12/2019,Wednesday,15.8,24.3,8.7,1015.8,77,0.8,1.7,7.6,312.2083333
26/12/2019,Thursday,18.2,27,7.7,1013.7,72,0.6,1.1,7.6,237.625
27/12/2019,Friday,19,27.1,10.5,1015.1,61,1.6,3.3,9.4,202.875
28/12/2019,Saturday,18,26.6,10.5,1017.1,61,1.9,8,14.8,260.1666667
29/12/2019,Sunday,17.2,24.2,10,1017.2,58,1.6,9.3,22.2,403.9583333
30/12/2019,Monday,16.3,23,6.6,1016.9,61,1,9.4,20.6,284.1666667
31/12/2019,Tuesday,18.1,24,11.2,1015.4,56,1.8,15.9,25.9,288.4166667
1/1/2020,Wednesday,17.8,25,10.7,1015.8,54,2.3,9.4,22.2,256.8333333
2/1/2020,Thursday,13.9,24.5,11.4,1015,95,0.6,8.7,14.8,169
3/1/2020,Friday,16.3,23,9.8,1016.9,78,1.1,7.4,16.5,186.0416667
4/1/2020,Saturday,16.3,23.4,9,1017.3,68,1.3,7.8,18.3,185.5833333
5/1/2020,Sunday,16.9,25.1,6.6,1021.3,65,1.1,2,7.6,284.7958333
6/1/2020,Monday,15.5,24.1,7.7,1021,71,1.1,3.5,11.1,219.7208333
7/1/2020,Tuesday,14.9,22.8,8,1018.4,73,1.1,5.9,13,182.1875
8/1/2020,Wednesday,18.3,24.7,11.5,1018.1,85,0.5,1.1,7.6,154.0375
9/1/2020,Thursday,16.5,24.7,12,1017.4,82,0.6,8,13,223.2083333
10/1/2020,Friday,16.6,22.2,10.2,1015.4,65,1.8,10,20.6,200.6458333
11/1/2020,Saturday,18.2,25.1,12,1014.4,77,0.6,5,11.1,285.225
12/1/2020,Sunday,15.6,23.2,10.9,1015.6,82,0.6,4.3,9.4,236.825
13/01/2020,Monday,13,19,9.6,1016.9,85,0.8,10.7,16.5,276.9083333
14/01/2020,Tuesday,12.3,19,8.9,1015.8,91,0.5,4.6,9.4,108
15/01/2020,Wednesday,11.9,15.7,7.5,1018.9,86,0.8,6.1,11.1,107.625
16/01/2020,Thursday,12,17,6.7,1019.8,75,1.3,7.6,13,125.8916667
17/01/2020,Friday,11.7,18,6.4,1017.3,76,0.8,4.4,13,181.0125
18/01/2020,Saturday,14.6,21,6.8,1015.6,81,0.6,2.4,7.6,152.5541667
19/01/2020,Sunday,17.7,24,9,1014.5,69,1.4,4.4,9.4,152.3208333
20/01/2020,Monday,17.4,27.2,12.2,1016.4,79,1.1,7.8,18.3,319.7375
21/01/2020,Tuesday,15.9,22.4,8.4,1017.6,66,2.4,7.2,16.5,332.7083333
22/01/2020,Wednesday,15.2,22.6,6.6,1018.2,56,1.9,8.9,22.2,279.6
23/01/2020,Thursday,12.7,19.5,8,1017.6,69,1.3,8.3,18.3,179.1166667
24/01/2020,Friday,15.6,24.6,10.7,1015.7,81,1.3,2.8,9.4,54.79166667
25/01/2020,Saturday,17.1,23.2,9,1017.1,69,1.8,5.9,11.1,93.375
26/01/2020,Sunday,17.6,24,10.1,1014.8,67,1.4,5.9,14.8,103
27/01/2020,Monday,17.2,26,11.5,1014.7,65,2.3,5.7,14.8,132.2083333
28/01/2020,Tuesday,17.7,24.4,9.7,1017,64,2.1,8,18.3,127.7083333
29/01/2020,Wednesday,17.4,24.4,10.1,1018.9,61,2.3,6.1,11.1,109.3333333
30/01/2020,Thursday,23.1,30,15.6,1014.9,71,1.4,4.1,9.4,56.45833333
31/01/2020,Friday,23.7,29.8,18.7,1014,75,1.4,11.1,18.3,135.8333333
1/2/2020,Saturday,20.9,27.8,15.8,1014.4,62,2.6,17.2,27.8,122.5
2/2/2020,Sunday,22.6,30.3,11.5,1015.4,57,2.4,5.4,11.1,69.66666667
3/2/2020,Monday,22.7,30.4,12.8,1017.7,56,2.6,2.4,7.6,79.83333333
4/2/2020,Tuesday,22.7,30.6,13,1018.4,58,2.4,3.3,7.6,62.70833333
5/2/2020,Wednesday,25,31,15,1015.7,59,1.9,1.7,5.4,1.916666667
6/2/2020,Thursday,24.9,32.4,15.2,1015,57,1.9,1.7,9.4,1.833333333
7/2/2020,Friday,26.8,33.4,15.7,1014.5,52,2.4,4.6,9.4,1.791666667
8/2/2020,Saturday,23.7,29.1,15.8,1011.9,67,2.1,5.2,11.1,117.5833333
9/2/2020,Sunday,23.4,29.1,17,1011.4,63,2.1,6.7,16.5,122.7083333
10/2/2020,Monday,24.3,29,15.6,1011.7,56,1.9,10,18.3,76.54166667
11/2/2020,Tuesday,24.3,31,16.8,1010.8,66,3.4,6.9,14.8,59.20833333
12/2/2020,Wednesday,22.4,29.5,17.1,1014.1,68,3.4,6.3,16.5,77.20833333
13/02/2020,Thursday,24.1,29.2,14.5,1014.4,59,2.4,8.5,18.3,87.83333333
14/02/2020,Friday,26.8,33,19,1008.8,61,2.3,3.5,11.1,123.7083333
15/02/2020,Saturday,27.1,33,19,1009.9,61,2.6,2.8,13,64.79166667
16/02/2020,Sunday,26.5,32.8,19.5,1010.5,45,2.9,12.2,25.9,62.875
17/02/2020,Monday,29.8,36.2,18.2,1012.7,52,2.4,3.3,7.6,52.04166667
18/02/2020,Tuesday,24.7,36.6,19.7,1012.8,66,2.4,9.4,14.8,128.3333333
19/02/2020,Wednesday,26.2,32,19.5,1012.5,56,3.1,9.1,14.8,87.58333333
20/02/2020,Thursday,29.9,37,19.5,1008.3,39,2.7,4.4,9.4,23.20833333
21/02/2020,Friday,30.4,37.5,21.6,1006.3,41,2.6,12,27.8,15.16666667
22/02/2020,Saturday,32.3,39,21.5,1007.3,39,3.4,5.4,13,21.25
23/02/2020,Sunday,33.4,39.1,24.8,1008,47,2.1,2.6,7.6,25.75
24/02/2020,Monday,29.5,36.9,21.5,1007.2,41,2.3,11.3,16.5,105.3333333
25/02/2020,Tuesday,29.3,36,18.8,1008.8,37,3.2,4.8,11.1,117.75
26/02/2020,Wednesday,30.9,37,19,1008.9,33,2.6,6.9,14.8,20.79166667
27/02/2020,Thursday,31.6,38,23.2,1002.6,30,3.1,18.7,35.2,46.91666667
28/02/2020,Friday,33.1,39,24,1003,26,2.6,10.4,24.1,104.625
29/02/2020,Saturday,33.6,40,23,1003.8,27,2.4,9.8,18.3,109.625
1/3/2020,Sunday,34,40.6,26.3,1005.5,29,2.6,13.9,22.2,0
2/3/2020,Monday,33.9,39.6,25.8,1002.7,28,2.7,15.7,29.4,30.875
3/3/2020,Tuesday,33.3,39.4,24.8,1000.7,28,3.1,8.3,18.3,75.58333333
4/3/2020,Wednesday,33.4,40,21.2,1006.3,27,2.6,3.7,14.8,0
5/3/2020,Thursday,33.2,40.3,22.2,1005.1,29,2.3,5,14.8,0
6/3/2020,Friday,34,40.7,22.2,1004.6,24,2.4,11.9,22.2,0
7/3/2020,Saturday,34.7,41.5,22,1001.7,24,2.3,8.5,16.5,142.5
8/3/2020,Sunday,38,44,23.8,1001.1,20,2.6,9.6,29.4,133.375
9/3/2020,Monday,35.4,44,28,1003.2,35,2.7,6.5,18.3,102.4166667
10/3/2020,Tuesday,33.2,38,25,1004.6,41,2.7,4.6,9.4,158.2916667
11/3/2020,Wednesday,35.1,39.2,25.3,1005.1,40,2.4,7.2,11.1,149.5833333
12/3/2020,Thursday,33.8,39.8,27.6,1005.5,44,2.4,9.8,16.5,107.2916667
13/03/2020,Friday,37.1,42,27.5,1000.7,30,2.9,8.3,18.3,106.5
14/03/2020,Saturday,36.5,43,27,1001.8,35,2.6,4.1,22.2,128.125
15/03/2020,Sunday,37.3,42.4,27.4,1002.4,32,2.6,4.8,14.8,108
16/03/2020,Monday,37.3,43.7,28.6,997.4,44,2.6,9.4,22.2,98.41666667
17/03/2020,Tuesday,37.3,42.8,31.2,996.2,49,2.6,8.3,14.8,94.375
18/03/2020,Wednesday,36.2,41.5,30.7,995.3,50,2.9,10.9,18.3,118.5
19/03/2020,Thursday,32.9,39,27.4,996.6,50,2.4,9.4,27.8,110.4166667
20/03/2020,Friday,34.6,39,26,998.4,49,2.4,6.7,16.5,95.83333333
21/03/2020,Saturday,37.4,41,30.6,998.8,31,1.9,14.1,27.8,93.5
22/03/2020,Sunday,32.7,37.5,24.7,1002.3,55,2.4,7.4,18.3,38.66666667
23/03/2020,Monday,36,40,26.6,1001.7,46,3.1,9.1,22.2,45.375
24/03/2020,Tuesday,37.7,42,30.7,1000.9,37,2.6,11.9,22.2,65.16666667
25/03/2020,Wednesday,37.6,43,28.7,1001.2,42,2.4,2.8,11.1,67.08333333
26/03/2020,Thursday,34.6,40.3,28.7,1001.1,51,2.7,10.2,25.9,77.66666667
27/03/2020,Friday,35.9,41,28.6,998.6,50,2.6,8.5,18.3,70.25
28/03/2020,Saturday,35.7,41.2,30,997.6,48,2.3,9.3,27.8,75.125
29/03/2020,Sunday,36,41,27.6,997.7,46,2.4,12.8,25.9,77
30/03/2020,Monday,32.6,40.7,26,996.9,59,2.6,11.9,29.4,32.95833333
31/03/2020,Tuesday,34.7,38,30.5,995.4,55,2.4,10.4,18.3,40.83333333
1/4/2020,Wednesday,35.6,40,30,1000.7,57,3.1,9.4,25.9,90.70833333
2/4/2020,Thursday,31.1,40.1,26,999.8,74,2.4,7.6,14.8,97.29166667
3/4/2020,Friday,32.9,38.6,27,999.7,64,2.4,8.9,16.5,79.83333333
4/4/2020,Saturday,35.5,39.9,31.2,999.7,60,2.4,9.8,18.3,40.375
5/4/2020,Sunday,34.9,39.6,29.6,999.6,61,2.4,7.8,14.8,49.41666667
6/4/2020,Monday,34.4,39.4,26,998.3,63,2.3,8,14.8,43.66666667
7/4/2020,Tuesday,32.2,39.8,25.4,995.4,73,2.3,8.3,14.8,0
8/4/2020,Wednesday,28.4,36.6,24.4,998.1,82,2.4,5.2,9.4,29.66666667
9/4/2020,Thursday,29.6,32,25.7,997.6,80,2.3,2,7.6,47.75
10/4/2020,Friday,33.6,36.7,28.8,996.7,66,5.8,5.9,11.1,43.66666667
11/4/2020,Saturday,30.7,36.9,28.8,996.8,78,2.3,5.4,27.8,29.83333333
12/4/2020,Sunday,33.3,37,27.8,996.2,68,2.6,6.7,11.1,29.66666667
13/04/2020,Monday,31.1,34.2,27.8,997.8,78,2.6,6.9,24.1,37.625
14/04/2020,Tuesday,30.4,35.4,26.7,997.8,82,2.1,5.2,14.8,41.45833333
15/04/2020,Wednesday,31,35.2,26,997.9,80,2.4,7.2,18.3,53.125
16/04/2020,Thursday,32.4,35.2,26.2,999,72,2.9,13.5,25.9,36
17/04/2020,Friday,34.1,37,28.5,998.5,63,3.2,13,22.2,70.58333333
18/04/2020,Saturday,34.1,37.2,29,998.4,61,2.6,11.5,22.2,52.45833333
19/04/2020,Sunday,31.9,35,28.3,1001.3,72,2.1,2.8,9.4,38.25
20/04/2020,Monday,30.3,35,27.6,1002.6,83,2.3,6.5,16.5,26.58333333
21/04/2020,Tuesday,28.3,35.8,26.8,1003.9,89,1.6,4.3,11.1,57.58333333
22/04/2020,Wednesday,29.2,31,26,1000,85,1.8,4.6,13,41.375
23/04/2020,Thursday,29.1,32.6,26.4,998.6,85,1.8,5.9,13,25.54166667
24/04/2020,Friday,30.9,35,26,997.4,73,2.6,6.5,11.1,28.375
25/04/2020,Saturday,32.6,36,26.2,997.8,66,3.4,5.6,9.4,40.33333333
26/04/2020,Sunday,33.3,36,26.4,999.7,67,3.2,7.8,18.3,35.375
27/04/2020,Monday,33.4,36.5,28.6,999.9,66,2.9,9.8,16.5,31.91666667
28/04/2020,Tuesday,31.2,36.7,28,997.8,75,2.7,9.1,14.8,36.79166667
29/04/2020,Wednesday,29.9,34,25.5,1000.2,80,1.4,3.3,11.1,26.83333333
30/04/2020,Thursday,29,33.7,26,999.1,85,2.1,6.5,22.2,21.125
1/5/2020,Friday,31.3,34.5,27,997.6,71,3.2,12.2,22.2,18
2/5/2020,Saturday,31.7,34,26.4,999,71,2.6,2,11.1,43.58333333
3/5/2020,Sunday,32.6,36,27.6,999.6,70,2.7,10.6,20.6,46.04166667
4/5/2020,Monday,31.2,35.9,26.1,1000.4,71,3.2,8.7,18.3,28.75
5/5/2020,Tuesday,31,35,26.8,1004.1,76,2.6,6.1,14.8,64.91666667
6/5/2020,Wednesday,30.8,35.2,26.8,1005,76,2.7,3.7,18.3,30.66666667
7/5/2020,Thursday,27.3,33.3,24,1002.4,89,2.1,7.8,27.8,33.16666667
8/5/2020,Friday,27.8,31,25.2,1001.3,88,2.4,4.6,7.6,30.625
9/5/2020,Saturday,30.7,34,25.5,1000.1,73,2.6,13.7,22.2,30.33333333
10/5/2020,Sunday,30.7,34,25,1000.5,65,3.4,12,27.8,31.75
11/5/2020,Monday,31.1,35,25,1003.1,64,3.2,10.4,18.3,0
12/5/2020,Tuesday,31.3,35,26,1004.6,63,3.2,11.5,18.3,0
13/05/2020,Wednesday,31.4,36,26.7,1006.7,65,3.1,8.3,13,83.45833333
14/05/2020,Thursday,30.4,35.6,25.7,1006.5,72,2.9,4.3,14.8,71.66666667
15/05/2020,Friday,31.7,37.1,26,1003.2,63,2.9,1.7,5.4,62.375
16/05/2020,Saturday,32.5,37.2,25.3,1003,59,3.1,1.7,7.6,24.875
17/05/2020,Sunday,32.6,37.4,27,1005.8,63,2.6,6.3,13,37.33333333
18/05/2020,Monday,30.7,34.8,25.6,1004.5,66,2.6,3.3,11.1,41.5
19/05/2020,Tuesday,31.4,35.2,26,1005.8,62,3.1,2,7.6,48.91666667
20/05/2020,Wednesday,31.9,36,26.5,1007.2,66,2.3,2.4,7.6,26.66666667
21/05/2020,Thursday,32.4,36.4,27.5,1007.8,65,3.1,3.5,11.1,29
22/05/2020,Friday,30.3,35,24.7,1007.3,62,2.3,7.6,18.3,60.54166667
23/05/2020,Saturday,29.9,35,23,1006.3,60,2.6,6.7,24.1,41.58333333
24/05/2020,Sunday,30,36,22.5,1004.9,63,2.6,3,7.6,50.91666667
25/05/2020,Monday,28.6,35,19.8,1008.2,49,3.7,11.5,22.2,82.83333333
26/05/2020,Tuesday,28.3,35.2,19,1009.4,53,3.4,9.1,35.9,95.25
27/05/2020,Wednesday,26.8,35.2,17.5,1010.4,57,2.6,5.7,13,115.8333333
28/05/2020,Thursday,27.6,35,17.6,1007.6,53,3.1,5.9,13,136.7083333
29/05/2020,Friday,27.7,35,18.6,1006.9,52,3.1,7.8,28.7,160.6666667
30/05/2020,Saturday,27.3,35,19,1007.8,55,3.2,7.2,27.8,173.5833333
31/05/2020,Sunday,27.2,34.5,19.5,1009,58,3.1,11.1,25.9,261.6666667
1/6/2020,Monday,26.4,33,18.4,1012.4,60,2.6,4.6,14.8,272.4166667
2/6/2020,Tuesday,25.4,33.4,16.5,1014.3,62,1.6,5,14.8,226.2916667
3/6/2020,Wednesday,23.7,31.7,15.5,1017.7,69,1,1.3,5.4,99.70833333
4/6/2020,Thursday,23.4,31.1,14.2,1016,60,1.1,3,7.6,217.375
5/6/2020,Friday,22.6,30.6,15.8,1015.4,69,0.5,1.1,5.4,309.375
6/6/2020,Saturday,23.9,32,14.5,1015.6,63,1,2,5.4,166.9166667
7/6/2020,Sunday,23.2,30.2,14,1012.6,55,1.1,7.4,18.3,278
8/6/2020,Monday,22.5,29.5,15.6,1013.3,56,1.1,11.7,22.2,192.3333333
9/6/2020,Tuesday,21.7,30,12.2,1014.5,52,1.1,6.3,16.5,235.3333333
10/6/2020,Wednesday,22.2,30.2,13.6,1015.6,63,1.6,1.5,3.5,221.5416667
11/6/2020,Thursday,20.8,29.3,12.1,1016.7,58,1.8,3.5,9.4,210.5416667
12/6/2020,Friday,20.7,28.8,10.6,1017.8,56,1.8,6.1,16.5,251.2083333
13/06/2020,Saturday,20.8,29,10.5,1013.9,61,1.8,2.6,7.6,194.7083333
14/06/2020,Sunday,22,31,10.7,1013.2,56,1.8,2.4,14.8,250.875
15/06/2020,Monday,21.4,30.6,10.8,1011.9,54,2.6,7.8,18.3,274.875
16/06/2020,Tuesday,24.2,31,16.5,1013,36,2.9,13.9,22.2,160
17/06/2020,Wednesday,22.7,30.8,13.6,1012,38,3.4,11.9,20.6,217.9166667
18/06/2020,Thursday,21.4,29.6,12.7,1013.7,40,2.6,8,20.6,184.2083333
19/06/2020,Friday,19.2,25.9,11.9,1017,84,0.8,2.6,9.4,176.375
20/06/2020,Saturday,18.9,25.8,11.5,1017.9,77,0.6,5,13,185.9583333
21/06/2020,Sunday,19.3,27,11.7,1019.6,57,1.8,5.2,11.1,195.375
22/06/2020,Monday,17.8,24.8,11.2,1017,74,0.6,0.7,7.6,365.2916667
23/06/2020,Tuesday,15.8,24.3,8.7,1015.8,77,0.8,1.7,7.6,312.2083333
24/06/2020,Wednesday,18.2,27,7.7,1013.7,72,0.6,1.1,7.6,237.625
25/06/2020,Thursday,19,27.1,10.5,1015.1,61,1.6,3.3,9.4,202.875
26/06/2020,Friday,18,26.6,10.5,1017.1,61,1.9,8,14.8,260.1666667
27/06/2020,Saturday,17.2,24.2,10,1017.2,58,1.6,9.3,22.2,403.9583333
28/06/2020,Sunday,16.3,23,6.6,1016.9,61,1,9.4,20.6,284.1666667
29/06/2020,Monday,18.1,24,11.2,1015.4,56,1.8,15.9,25.9,288.4166667
30/06/2020,Tuesday,17.8,25,10.7,1015.8,54,2.3,9.4,22.2,256.8333333
1/7/2020,Wednesday,13.9,24.5,11.4,1015,95,0.6,8.7,14.8,169
2/7/2020,Thursday,16.3,23,9.8,1016.9,78,1.1,7.4,16.5,186.0416667
3/7/2020,Friday,16.3,23.4,9,1017.3,68,1.3,7.8,18.3,185.5833333
4/7/2020,Saturday,16.9,25.1,6.6,1021.3,65,1.1,2,7.6,284.7958333
5/7/2020,Sunday,15.5,24.1,7.7,1021,71,1.1,3.5,11.1,219.7208333
6/7/2020,Monday,14.9,22.8,8,1018.4,73,1.1,5.9,13,182.1875
7/7/2020,Tuesday,18.3,24.7,11.5,1018.1,85,0.5,1.1,7.6,154.0375
8/7/2020,Wednesday,16.5,24.7,12,1017.4,82,0.6,8,13,223.2083333
9/7/2020,Thursday,16.6,22.2,10.2,1015.4,65,1.8,10,20.6,200.6458333
10/7/2020,Friday,18.2,25.1,12,1014.4,77,0.6,5,11.1,285.225
11/7/2020,Saturday,15.6,23.2,10.9,1015.6,82,0.6,4.3,9.4,236.825
12/7/2020,Sunday,13,19,9.6,1016.9,85,0.8,10.7,16.5,276.9083333
13/07/2020,Monday,12.3,19,8.9,1015.8,91,0.5,4.6,9.4,108
14/07/2020,Tuesday,11.9,15.7,7.5,1018.9,86,0.8,6.1,11.1,107.625
15/07/2020,Wednesday,12,17,6.7,1019.8,75,1.3,7.6,13,125.8916667
16/07/2020,Thursday,11.7,18,6.4,1017.3,76,0.8,4.4,13,181.0125
17/07/2020,Friday,14.6,21,6.8,1015.6,81,0.6,2.4,7.6,152.5541667
18/07/2020,Saturday,17.7,24,9,1014.5,69,1.4,4.4,9.4,152.3208333
19/07/2020,Sunday,17.4,27.2,12.2,1016.4,79,1.1,7.8,18.3,319.7375
20/07/2020,Monday,15.9,22.4,8.4,1017.6,66,2.4,7.2,16.5,332.7083333
21/07/2020,Tuesday,15.2,22.6,6.6,1018.2,56,1.9,8.9,22.2,279.6
22/07/2020,Wednesday,12.7,19.5,8,1017.6,69,1.3,8.3,18.3,179.1166667
23/07/2020,Thursday,15.6,24.6,10.7,1015.7,81,1.3,2.8,9.4,54.79166667
24/07/2020,Friday,17.1,23.2,9,1017.1,69,1.8,5.9,11.1,93.375
25/07/2020,Saturday,17.6,24,10.1,1014.8,67,1.4,5.9,14.8,103
26/07/2020,Sunday,17.2,26,11.5,1014.7,65,2.3,5.7,14.8,132.2083333
27/07/2020,Monday,17.7,24.4,9.7,1017,64,2.1,8,18.3,127.7083333
28/07/2020,Tuesday,17.4,24.4,10.1,1018.9,61,2.3,6.1,11.1,109.3333333
29/07/2020,Wednesday,23.1,30,15.6,1014.9,71,1.4,4.1,9.4,56.45833333
30/07/2020,Thursday,23.7,29.8,18.7,1014,75,1.4,11.1,18.3,135.8333333
31/07/2020,Friday,20.9,27.8,15.8,1014.4,62,2.6,17.2,27.8,122.5
1/8/2020,Saturday,22.6,30.3,11.5,1015.4,57,2.4,5.4,11.1,69.66666667
2/8/2020,Sunday,22.7,30.4,12.8,1017.7,56,2.6,2.4,7.6,79.83333333
3/8/2020,Monday,22.7,30.6,13,1018.4,58,2.4,3.3,7.6,62.70833333
4/8/2020,Tuesday,25,31,15,1015.7,59,1.9,1.7,5.4,1.916666667
5/8/2020,Wednesday,24.9,32.4,15.2,1015,57,1.9,1.7,9.4,1.833333333
6/8/2020,Thursday,26.8,33.4,15.7,1014.5,52,2.4,4.6,9.4,1.791666667
7/8/2020,Friday,23.7,29.1,15.8,1011.9,67,2.1,5.2,11.1,117.5833333
8/8/2020,Saturday,23.4,29.1,17,1011.4,63,2.1,6.7,16.5,122.7083333
9/8/2020,Sunday,24.3,29,15.6,1011.7,56,1.9,10,18.3,76.54166667
10/8/2020,Monday,24.3,31,16.8,1010.8,66,3.4,6.9,14.8,59.20833333
11/8/2020,Tuesday,22.4,29.5,17.1,1014.1,68,3.4,6.3,16.5,77.20833333
12/8/2020,Wednesday,24.1,29.2,14.5,1014.4,59,2.4,8.5,18.3,87.83333333
13/08/2020,Thursday,26.8,33,19,1008.8,61,2.3,3.5,11.1,123.7083333
14/08/2020,Friday,27.1,33,19,1009.9,61,2.6,2.8,13,64.79166667
15/08/2020,Saturday,26.5,32.8,19.5,1010.5,45,2.9,12.2,25.9,62.875
16/08/2020,Sunday,29.8,36.2,18.2,1012.7,52,2.4,3.3,7.6,52.04166667
17/08/2020,Monday,24.7,36.6,19.7,1012.8,66,2.4,9.4,14.8,128.3333333
18/08/2020,Tuesday,26.2,32,19.5,1012.5,56,3.1,9.1,14.8,87.58333333
19/08/2020,Wednesday,29.9,37,19.5,1008.3,39,2.7,4.4,9.4,23.20833333
20/08/2020,Thursday,30.4,37.5,21.6,1006.3,41,2.6,12,27.8,15.16666667
21/08/2020,Friday,32.3,39,21.5,1007.3,39,3.4,5.4,13,21.25
22/08/2020,Saturday,33.4,39.1,24.8,1008,47,2.1,2.6,7.6,25.75
23/08/2020,Sunday,29.5,36.9,21.5,1007.2,41,2.3,11.3,16.5,105.3333333
24/08/2020,Monday,29.3,36,18.8,1008.8,37,3.2,4.8,11.1,117.75
25/08/2020,Tuesday,30.9,37,19,1008.9,33,2.6,6.9,14.8,20.79166667
26/08/2020,Wednesday,31.6,38,23.2,1002.6,30,3.1,18.7,35.2,46.91666667
27/08/2020,Thursday,33.1,39,24,1003,26,2.6,10.4,24.1,104.625
28/08/2020,Friday,33.6,40,23,1003.8,27,2.4,9.8,18.3,109.625
29/08/2020,Saturday,34,40.6,26.3,1005.5,29,2.6,13.9,22.2,0
30/08/2020,Sunday,33.9,39.6,25.8,1002.7,28,2.7,15.7,29.4,30.875
31/08/2020,Monday,33.3,39.4,24.8,1000.7,28,3.1,8.3,18.3,75.58333333
1/9/2020,Tuesday,33.4,40,21.2,1006.3,27,2.6,3.7,14.8,0
2/9/2020,Wednesday,33.2,40.3,22.2,1005.1,29,2.3,5,14.8,0
3/9/2020,Thursday,34,40.7,22.2,1004.6,24,2.4,11.9,22.2,0
4/9/2020,Friday,34.7,41.5,22,1001.7,24,2.3,8.5,16.5,142.5
5/9/2020,Saturday,38,44,23.8,1001.1,20,2.6,9.6,29.4,133.375
6/9/2020,Sunday,35.4,44,28,1003.2,35,2.7,6.5,18.3,102.4166667
7/9/2020,Monday,33.2,38,25,1004.6,41,2.7,4.6,9.4,158.2916667
8/9/2020,Tuesday,35.1,39.2,25.3,1005.1,40,2.4,7.2,11.1,149.5833333
9/9/2020,Wednesday,33.8,39.8,27.6,1005.5,44,2.4,9.8,16.5,107.2916667
10/9/2020,Thursday,37.1,42,27.5,1000.7,30,2.9,8.3,18.3,106.5
11/9/2020,Friday,36.5,43,27,1001.8,35,2.6,4.1,22.2,128.125
12/9/2020,Saturday,37.3,42.4,27.4,1002.4,32,2.6,4.8,14.8,108
13/09/2020,Sunday,37.3,43.7,28.6,997.4,44,2.6,9.4,22.2,98.41666667
14/09/2020,Monday,37.3,42.8,31.2,996.2,49,2.6,8.3,14.8,94.375
15/09/2020,Tuesday,36.2,41.5,30.7,995.3,50,2.9,10.9,18.3,118.5
16/09/2020,Wednesday,32.9,39,27.4,996.6,50,2.4,9.4,27.8,110.4166667
17/09/2020,Thursday,34.6,39,26,998.4,49,2.4,6.7,16.5,95.83333333
18/09/2020,Friday,37.4,41,30.6,998.8,31,1.9,14.1,27.8,93.5
19/09/2020,Saturday,32.7,37.5,24.7,1002.3,55,2.4,7.4,18.3,38.66666667
20/09/2020,Sunday,36,40,26.6,1001.7,46,3.1,9.1,22.2,45.375
21/09/2020,Monday,37.7,42,30.7,1000.9,37,2.6,11.9,22.2,65.16666667
22/09/2020,Tuesday,37.6,43,28.7,1001.2,42,2.4,2.8,11.1,67.08333333
23/09/2020,Wednesday,34.6,40.3,28.7,1001.1,51,2.7,10.2,25.9,77.66666667
24/09/2020,Thursday,35.9,41,28.6,998.6,50,2.6,8.5,18.3,70.25
25/09/2020,Friday,35.7,41.2,30,997.6,48,2.3,9.3,27.8,75.125
26/09/2020,Saturday,36,41,27.6,997.7,46,2.4,12.8,25.9,77
27/09/2020,Sunday,32.6,40.7,26,996.9,59,2.6,11.9,29.4,32.95833333
28/09/2020,Monday,34.7,38,30.5,995.4,55,2.4,10.4,18.3,40.83333333
29/09/2020,Tuesday,35.6,40,30,1000.7,57,3.1,9.4,25.9,90.70833333
30/09/2020,Wednesday,31.1,40.1,26,999.8,74,2.4,7.6,14.8,97.29166667
1/10/2020,Thursday,32.9,38.6,27,999.7,64,2.4,8.9,16.5,79.83333333
2/10/2020,Friday,35.5,39.9,31.2,999.7,60,2.4,9.8,18.3,40.375
3/10/2020,Saturday,34.9,39.6,29.6,999.6,61,2.4,7.8,14.8,49.41666667
4/10/2020,Sunday,34.4,39.4,26,998.3,63,2.3,8,14.8,43.66666667
5/10/2020,Monday,32.2,39.8,25.4,995.4,73,2.3,8.3,14.8,0
6/10/2020,Tuesday,28.4,36.6,24.4,998.1,82,2.4,5.2,9.4,29.66666667
7/10/2020,Wednesday,29.6,32,25.7,997.6,80,2.3,2,7.6,47.75
8/10/2020,Thursday,33.6,36.7,28.8,996.7,66,5.8,5.9,11.1,43.66666667
9/10/2020,Friday,30.7,36.9,28.8,996.8,78,2.3,5.4,27.8,29.83333333
10/10/2020,Saturday,33.3,37,27.8,996.2,68,2.6,6.7,11.1,29.66666667
11/10/2020,Sunday,31.1,34.2,27.8,997.8,78,2.6,6.9,24.1,37.625
12/10/2020,Monday,30.4,35.4,26.7,997.8,82,2.1,5.2,14.8,41.45833333
13/10/2020,Tuesday,31,35.2,26,997.9,80,2.4,7.2,18.3,53.125
14/10/2020,Wednesday,32.4,35.2,26.2,999,72,2.9,13.5,25.9,36
15/10/2020,Thursday,34.1,37,28.5,998.5,63,3.2,13,22.2,70.58333333
16/10/2020,Friday,34.1,37.2,29,998.4,61,2.6,11.5,22.2,52.45833333
17/10/2020,Saturday,31.9,35,28.3,1001.3,72,2.1,2.8,9.4,38.25
18/10/2020,Sunday,30.3,35,27.6,1002.6,83,2.3,6.5,16.5,26.58333333
19/10/2020,Monday,28.3,35.8,26.8,1003.9,89,1.6,4.3,11.1,57.58333333
20/10/2020,Tuesday,29.2,31,26,1000,85,1.8,4.6,13,41.375
21/10/2020,Wednesday,29.1,32.6,26.4,998.6,85,1.8,5.9,13,25.54166667
22/10/2020,Thursday,30.9,35,26,997.4,73,2.6,6.5,11.1,28.375
23/10/2020,Friday,32.6,36,26.2,997.8,66,3.4,5.6,9.4,40.33333333
24/10/2020,Saturday,33.3,36,26.4,999.7,67,3.2,7.8,18.3,35.375
25/10/2020,Sunday,33.4,36.5,28.6,999.9,66,2.9,9.8,16.5,31.91666667
26/10/2020,Monday,31.2,36.7,28,997.8,75,2.7,9.1,14.8,36.79166667
27/10/2020,Tuesday,29.9,34,25.5,1000.2,80,1.4,3.3,11.1,26.83333333
28/10/2020,Wednesday,29,33.7,26,999.1,85,2.1,6.5,22.2,21.125
29/10/2020,Thursday,31.3,34.5,27,997.6,71,3.2,12.2,22.2,18
30/10/2020,Friday,31.7,34,26.4,999,71,2.6,2,11.1,43.58333333
31/10/2020,Saturday,32.6,36,27.6,999.6,70,2.7,10.6,20.6,46.04166667
1/11/2020,Sunday,31.2,35.9,26.1,1000.4,71,3.2,8.7,18.3,28.75
2/11/2020,Monday,31,35,26.8,1004.1,76,2.6,6.1,14.8,64.91666667
3/11/2020,Tuesday,30.8,35.2,26.8,1005,76,2.7,3.7,18.3,30.66666667
4/11/2020,Wednesday,27.3,33.3,24,1002.4,89,2.1,7.8,27.8,33.16666667
5/11/2020,Thursday,27.8,31,25.2,1001.3,88,2.4,4.6,7.6,30.625
6/11/2020,Friday,30.7,34,25.5,1000.1,73,2.6,13.7,22.2,30.33333333
7/11/2020,Saturday,30.7,34,25,1000.5,65,3.4,12,27.8,31.75
8/11/2020,Sunday,31.1,35,25,1003.1,64,3.2,10.4,18.3,0
9/11/2020,Monday,31.3,35,26,1004.6,63,3.2,11.5,18.3,0
10/11/2020,Tuesday,31.4,36,26.7,1006.7,65,3.1,8.3,13,83.45833333
11/11/2020,Wednesday,30.4,35.6,25.7,1006.5,72,2.9,4.3,14.8,71.66666667
12/11/2020,Thursday,31.7,37.1,26,1003.2,63,2.9,1.7,5.4,62.375
13/11/2020,Friday,32.5,37.2,25.3,1003,59,3.1,1.7,7.6,24.875
14/11/2020,Saturday,32.6,37.4,27,1005.8,63,2.6,6.3,13,37.33333333
15/11/2020,Sunday,30.7,34.8,25.6,1004.5,66,2.6,3.3,11.1,41.5
16/11/2020,Monday,31.4,35.2,26,1005.8,62,3.1,2,7.6,48.91666667
17/11/2020,Tuesday,31.9,36,26.5,1007.2,66,2.3,2.4,7.6,26.66666667
18/11/2020,Wednesday,32.4,36.4,27.5,1007.8,65,3.1,3.5,11.1,29
19/11/2020,Thursday,30.3,35,24.7,1007.3,62,2.3,7.6,18.3,60.54166667
20/11/2020,Friday,29.9,35,23,1006.3,60,2.6,6.7,24.1,41.58333333
21/11/2020,Saturday,30,36,22.5,1004.9,63,2.6,3,7.6,50.91666667
22/11/2020,Sunday,28.6,35,19.8,1008.2,49,3.7,11.5,22.2,82.83333333
23/11/2020,Monday,28.3,35.2,19,1009.4,53,3.4,9.1,35.9,95.25
24/11/2020,Tuesday,26.8,35.2,17.5,1010.4,57,2.6,5.7,13,115.8333333
25/11/2020,Wednesday,27.6,35,17.6,1007.6,53,3.1,5.9,13,136.7083333
26/11/2020,Thursday,27.7,35,18.6,1006.9,52,3.1,7.8,28.7,160.6666667
27/11/2020,Friday,27.3,35,19,1007.8,55,3.2,7.2,27.8,173.5833333
28/11/2020,Saturday,27.2,34.5,19.5,1009,58,3.1,11.1,25.9,261.6666667
29/11/2020,Sunday,26.4,33,18.4,1012.4,60,2.6,4.6,14.8,272.4166667
30/11/2020,Monday,25.4,33.4,16.5,1014.3,62,1.6,5,14.8,226.2916667
1/12/2020,Tuesday,23.7,31.7,15.5,1017.7,69,1,1.3,5.4,99.70833333
2/12/2020,Wednesday,23.4,31.1,14.2,1016,60,1.1,3,7.6,217.375
3/12/2020,Thursday,22.6,30.6,15.8,1015.4,69,0.5,1.1,5.4,309.375
4/12/2020,Friday,23.9,32,14.5,1015.6,63,1,2,5.4,166.9166667
5/12/2020,Saturday,23.2,30.2,14,1012.6,55,1.1,7.4,18.3,278
6/12/2020,Sunday,22.5,29.5,15.6,1013.3,56,1.1,11.7,22.2,192.3333333
7/12/2020,Monday,21.7,30,12.2,1014.5,52,1.1,6.3,16.5,235.3333333
8/12/2020,Tuesday,22.2,30.2,13.6,1015.6,63,1.6,1.5,3.5,221.5416667
9/12/2020,Wednesday,20.8,29.3,12.1,1016.7,58,1.8,3.5,9.4,210.5416667
10/12/2020,Thursday,20.7,28.8,10.6,1017.8,56,1.8,6.1,16.5,251.2083333
11/12/2020,Friday,20.8,29,10.5,1013.9,61,1.8,2.6,7.6,194.7083333
12/12/2020,Saturday,22,31,10.7,1013.2,56,1.8,2.4,14.8,250.875
13/12/2020,Sunday,21.4,30.6,10.8,1011.9,54,2.6,7.8,18.3,274.875
14/12/2020,Monday,24.2,31,16.5,1013,36,2.9,13.9,22.2,160
15/12/2020,Tuesday,22.7,30.8,13.6,1012,38,3.4,11.9,20.6,217.9166667
16/12/2020,Wednesday,21.4,29.6,12.7,1013.7,40,2.6,8,20.6,184.2083333
17/12/2020,Thursday,19.2,25.9,11.9,1017,84,0.8,2.6,9.4,176.375
18/12/2020,Friday,18.9,25.8,11.5,1017.9,77,0.6,5,13,185.9583333
19/12/2020,Saturday,19.3,27,11.7,1019.6,57,1.8,5.2,11.1,195.375
20/12/2020,Sunday,17.8,24.8,11.2,1017,74,0.6,0.7,7.6,365.2916667
21/12/2020,Monday,15.8,24.3,8.7,1015.8,77,0.8,1.7,7.6,312.2083333
22/12/2020,Tuesday,18.2,27,7.7,1013.7,72,0.6,1.1,7.6,237.625
23/12/2020,Wednesday,19,27.1,10.5,1015.1,61,1.6,3.3,9.4,202.875
24/12/2020,Thursday,18,26.6,10.5,1017.1,61,1.9,8,14.8,260.1666667
25/12/2020,Friday,17.2,24.2,10,1017.2,58,1.6,9.3,22.2,403.9583333
26/12/2020,Saturday,16.3,23,6.6,1016.9,61,1,9.4,20.6,284.1666667
27/12/2020,Sunday,18.1,24,11.2,1015.4,56,1.8,15.9,25.9,288.4166667
28/12/2020,Monday,17.8,25,10.7,1015.8,54,2.3,9.4,22.2,256.8333333
29/12/2020,Tuesday,13.9,24.5,11.4,1015,95,0.6,8.7,14.8,169
30/12/2020,Wednesday,16.3,23,9.8,1016.9,78,1.1,7.4,16.5,186.0416667
31/12/2020,Thursday,16.3,23.4,9,1017.3,68,1.3,7.8,18.3,185.5833333
